year,scopusId,title,journal,doi,authors,affiliations,citations,type,reason
2026,2-s2.0-105033874976,"Pseudosparassis yunnanensis, gen. et sp. nov. (Sclerotiniaceae, Helotiales, Ascomycota) from Yunnan Province, Southwestern China",Mycological Progress,10.1007/s11557-026-02126-2,Ma Y.H.,Mae Fah Luang University; Yunnan Agricultural Academy,0,Article,"In affiliation-wide Scopus query, but not matched to current 50 academic staff whitelist"
2026,2-s2.0-105039178882,Tracking Plasmodium knowlesi Through Fecal DNA for Monitoring Zoonotic Transmission in Wild Macaques Across Southeast and South Asia,Journal of Infectious Diseases,10.1093/infdis/jiag128,Wannigama D.L.,"The University of Sheffield; Yamagata University Faculty of Medicine; Yamagata Prefectural Central Hospital; Yamagata Prefectural University of Health Sciences; Mahidol University, Center of Excellence for Vectors and Vector-Borne Diseases",0,Article,"In affiliation-wide Scopus query, but not matched to current 50 academic staff whitelist"
2026,2-s2.0-105034075224,Development of an Island Recycle Waste Management System Using the LINE OA Platform to Enhance the Efficiency of Waste and Recyclable Material Management Reporting on Islands for Sustainable Practices,Journal of Mobile Multimedia,10.13052/jmm1550-4646.2213,Kemavuthanon K.,Mae Fah Luang University,0,Article,"In affiliation-wide Scopus query, but not matched to current 50 academic staff whitelist"
2026,2-s2.0-105024063105,Evolution and consistency analysis of plastic pollution control policies in East Asian Seas countries,Marine Pollution Bulletin,10.1016/j.marpolbul.2025.119103,Deng Y.,University of Chinese Academy of Sciences; Research Center for Eco-Environmental Sciences Chinese Academy of Sciences,0,Article,"In affiliation-wide Scopus query, but not matched to current 50 academic staff whitelist"
2026,2-s2.0-105029761944,Bioactive Isocoumarin Derivatives from the Endophytic Fungus Paraconiothyrium bonneyae NS16 of Pteris multifida,Chemistry and Biodiversity,10.1002/cbdv.202503353,Zhang L.,Mae Fah Luang University; Guizhou Institute of Technology; Guizhou Academy of Agricultural Sciences,0,Article,"In affiliation-wide Scopus query, but not matched to current 50 academic staff whitelist"
2026,2-s2.0-105034086285,Microwave-assisted extraction of isoangustone A from Derris scandens (Roxb.) Benth. using a hydrophobic deep eutectic solvents-based microemulsion,Advances in Sample Preparation,10.1016/j.sampre.2026.100232,Buajan B.,Walailak University,0,Article,"In affiliation-wide Scopus query, but not matched to current 50 academic staff whitelist"
2026,2-s2.0-105035588643,Reducing energy consumption in waste management: a study on the recyclable waste bank approach,International Journal of Energy Sector Management,10.1108/IJESM-03-2025-0006,Unroj P.,Mae Fah Luang University,0,Article,"In affiliation-wide Scopus query, but not matched to current 50 academic staff whitelist"
2026,2-s2.0-105037003400,Development of a Board Game for Experiential Learning of Sustainable Development Goals (SDGs): An Educational Framework,11th International Conference on Digital Arts Media and Technology and 9th Ecti Northern Section Conference on Electrical Electronics Computer and Telecommunications Engineering Ecti Damt and Ncon 2026,10.1109/ECTIDAMTNCON67592.2026.11459990,Kemavuthanon K.,Mae Fah Luang University,0,Conference Paper,"In affiliation-wide Scopus query, but not matched to current 50 academic staff whitelist"
2026,2-s2.0-105036993243,A Canvas Framework for Participatory Design of Cultural Products Using Generative AI,11th International Conference on Digital Arts Media and Technology and 9th Ecti Northern Section Conference on Electrical Electronics Computer and Telecommunications Engineering Ecti Damt and Ncon 2026,10.1109/ECTIDAMTNCON67592.2026.11460009,Putjorn P.,Mae Fah Luang University,0,Conference Paper,"In affiliation-wide Scopus query, but not matched to current 50 academic staff whitelist"
2026,2-s2.0-105032687244,"Morpho-phylogenetic evidence uncovers new taxa of lignicolous freshwater Sordariomycetes from Yunnan and Guizhou provinces, China",Mycokeys,10.3897/mycokeys.128.180553,Shen H.W.,Dali University,0,Article,"In affiliation-wide Scopus query, but not matched to current 50 academic staff whitelist"
2026,2-s2.0-105029933684,"Two new species of Periconia and a new record of Paramonodictys from Miscanthus sinensis in Guizhou Province, China",Mycokeys,10.3897/mycokeys.127.180874,Zhang L.J.,Guizhou Institute of Technology; Guizhou Academy of Sciences,0,Article,"In affiliation-wide Scopus query, but not matched to current 50 academic staff whitelist"
2025,2-s2.0-105010718479,"Novel lineages of fungicolous Cordieritidaceae (Helotiales, Leotiomycetes) from southwest China",Mycological Progress,10.1007/s11557-025-02055-6,Yu F.M.,Kunming Institute of Botany,0,Article,"In affiliation-wide Scopus query, but not matched to current 50 academic staff whitelist"
2025,2-s2.0-105025812716,Disentangling taxonomic chaos in Agaricaceae s.l.: an integrative phylogenomic framework with divergence dating reconstructs classification,Fungal Diversity,10.1007/s13225-025-00568-9,Li J.,University of Chinese Academy of Sciences; Institute of Microbiology Chinese Academy of Sciences; Institute of Plateau Biology of Xizang Autonomous Region,3,Article,"In affiliation-wide Scopus query, but not matched to current 50 academic staff whitelist"
2025,2-s2.0-105039236873,A new species and a new record of the lichen family Graphidaceae from China,Phytotaxa,10.11646/phytotaxa.722.3.6,Wu W.,Zunyi Medical University,0,Article,"In affiliation-wide Scopus query, but not matched to current 50 academic staff whitelist"
2025,2-s2.0-105038972021,A new species of Clonostachys (Bionectriaceae) from Southwest China,Phytotaxa,10.11646/phytotaxa.722.3.3,Zhao Y.W.,Yunnan University,0,Article,"In affiliation-wide Scopus query, but not matched to current 50 academic staff whitelist"
2025,2-s2.0-105017018828,"Tetrapyrgos chukeatirotei (Agaricales, Marasmiaceae), a novel species from Yunnan Province, China",Phytotaxa,10.11646/PHYTOTAXA.718.3.3,Bunphan J.,Mae Fah Luang University; Qujing Normal University,0,Article,"In affiliation-wide Scopus query, but not matched to current 50 academic staff whitelist"
2025,2-s2.0-105007320202,The influence of BaTiO3 nanocrystals on the electrical characteristics and energy storage capabilities of BNKT ceramics,Journal of Science Advanced Materials and Devices,10.1016/j.jsamd.2025.100918,Parjansri P.,Rajamangala University of Technology Krungthep,4,Article,"In affiliation-wide Scopus query, but not matched to current 50 academic staff whitelist"
2025,2-s2.0-105018760496,"Taxonomy and phylogeny of lignicolous freshwater fungi from plateau lakes in Yunnan Province, China",Fungal Diversity,10.1007/s13225-025-00564-z,Shen H.W.,Mae Fah Luang University; Dali University,9,Article,"In affiliation-wide Scopus query, but not matched to current 50 academic staff whitelist"
2025,2-s2.0-85175960763,Fermentative Biohydrogen and Biomethane Production from High-Strength Industrial Food Waste Hydrolysate Using Suspended Cell Techniques,Molecular Biotechnology,10.1007/s12033-023-00939-0,Kongthong O.,Mae Fah Luang University,3,Article,"In affiliation-wide Scopus query, but not matched to current 50 academic staff whitelist"
2025,2-s2.0-105014351957,Species Diversity and Resource Status of Macrofungi in Beijing: Insights from Natural and Urban Habitats,Journal of Fungi,10.3390/jof11080607,Liu D.M.,Chinese Research Academy of Environmental Sciences,0,Article,"In affiliation-wide Scopus query, but not matched to current 50 academic staff whitelist"
2025,2-s2.0-105008522573,Extraction of curcumin and curcuminoids: From conventional methods to innovative extraction using deep eutectic solvents,Microchemical Journal,10.1016/j.microc.2025.114269,Nisoa M.,Walailak University,6,Review,"In affiliation-wide Scopus query, but not matched to current 50 academic staff whitelist"
2025,2-s2.0-105013652148,"Russula orientalovirescens sp. nov., a common Southeast Asian edible fungus is different from the European look-alike R. virescens",Plos One,10.1371/journal.pone.0322545,Wisitrassameewong K.,"Faculty of Science, Mahidol University; National Science and Technology Development (NSTDA)",0,Article,"In affiliation-wide Scopus query, but not matched to current 50 academic staff whitelist"
2025,2-s2.0-105011028384,"Phaeoisaria yadongensis sp. nov. (Pleurotheciaceae) from Xizang Autonomous Region, China",Phytotaxa,10.11646/phytotaxa.710.3.2,Li Y.,Kunming Institute of Botany; Mae Fah Luang University,1,Article,"In affiliation-wide Scopus query, but not matched to current 50 academic staff whitelist"
2025,2-s2.0-105011615609,"Upcycled Cocoa Pod Husk: A Sustainable Source of Phenol and Polyphenol Ingredients for Skin Hydration, Whitening, and Anti-Aging",Life,10.3390/life15071126,Anatachodwanit A.,Mae Fah Luang University,1,Article,"In affiliation-wide Scopus query, but not matched to current 50 academic staff whitelist"
2025,2-s2.0-105007988483,Ophiocordyceps anocheti sp. nov. a new ant-parasitizing species from China,Phytotaxa,10.11646/phytotaxa.704.3.5,Xie S.Q.,Guizhou Institute of Technology; Guizhou Academy of Sciences,1,Article,"In affiliation-wide Scopus query, but not matched to current 50 academic staff whitelist"
2025,2-s2.0-105006620128,"Setophoma aseptata sp. nov. and new record of Minutisphaera aspera from Yuanjiang River Basin, China",Phytotaxa,10.11646/phytotaxa.702.3.4,Cai Y.T.,Dali University,1,Article,"In affiliation-wide Scopus query, but not matched to current 50 academic staff whitelist"
2025,2-s2.0-105006647219,"A new spider-pathogenic species Gibellula liaoningensis (Cordycipitaceae) from Liaoning Province, China",Phytotaxa,10.11646/phytotaxa.702.1.3,Liu Z.L.,Guizhou University,3,Article,"In affiliation-wide Scopus query, but not matched to current 50 academic staff whitelist"
2025,2-s2.0-105002639169,Sustainable chitosan bio-resin composites reinforced with flax fibers for high-performance food packaging,International Journal of Biological Macromolecules,10.1016/j.ijbiomac.2025.142990,Chumpon P.,Changwon National University,5,Article,"In affiliation-wide Scopus query, but not matched to current 50 academic staff whitelist"
2025,2-s2.0-85219523855,"Metabolomic profiles of the infection pathways of Calcarisporium cordycipiticola on the cultivated and medicinal mushroom, Cordyceps militaris",Fungal Biology,10.1016/j.funbio.2025.101561,Lu L.,Guizhou University; Mae Fah Luang University; Qujing Normal University,3,Article,"In affiliation-wide Scopus query, but not matched to current 50 academic staff whitelist"
2025,2-s2.0-86000636656,"A new species of Periconia (Periconiaceae, Pleosporales) from Xizang, China",Phytotaxa,10.11646/phytotaxa.693.2.2,Sun B.B.,Kunming Institute of Botany; Ludong University,6,Article,"In affiliation-wide Scopus query, but not matched to current 50 academic staff whitelist"
2025,2-s2.0-105001327220,Fungal-Infected Weeds: A Potential Source of Leaf Spot Disease in Rubber Trees from Southern Thailand,Journal of Fungi,10.3390/jof11030220,Thaochan N.,Prince of Songkla University,1,Article,"In affiliation-wide Scopus query, but not matched to current 50 academic staff whitelist"
2025,2-s2.0-85219405729,"Two new species of Pseudohydnum (Auriculariales, Basidiomycota) from the Qinghai–Tibet Plateau in China",Phytotaxa,10.11646/phytotaxa.690.2.5,Lei L.,Kunming Institute of Botany; Mae Fah Luang University,3,Article,"In affiliation-wide Scopus query, but not matched to current 50 academic staff whitelist"
2025,2-s2.0-85217843027,"Two new species of Helvella (Helvellaceae, Pezizales) from Southwestern China",Phytotaxa,10.11646/phytotaxa.684.2.5,Li T.S.,Kunming Institute of Botany,2,Article,"In affiliation-wide Scopus query, but not matched to current 50 academic staff whitelist"
2025,2-s2.0-85216121996,"Morphology and multigene phylogeny unveil Waltergamsia xishuangbannaensis sp. nov. (Bionectriaceae, Hypocreales), associated with Pará rubber (Hevea brasiliensis) from Yunnan Province, China",Phytotaxa,10.11646/phytotaxa.682.2.2,Liu R.M.,Qujing Normal University,2,Article,"In affiliation-wide Scopus query, but not matched to current 50 academic staff whitelist"
2025,2-s2.0-105032445038,The Design of a Data Management System Using Line OA for Sustainable Waste and Recyclable Materials Management on Islands,Jcsse 2025 22nd International Joint Conference on Computer Science and Software Engineering,10.1109/JCSSE67377.2025.11297936,Kemavuthanon K.,Mae Fah Luang University,0,Conference Paper,"In affiliation-wide Scopus query, but not matched to current 50 academic staff whitelist"
2025,2-s2.0-105004560906,An Augmented Reality-Based Hazardous Waste Management Learning System : A Case Study of Elementary School Students in Chiang Rai Province,10th International Conference on Digital Arts Media and Technology Damt 2025 and 8th Ecti Northern Section Conference on Electrical Electronics Computer and Telecommunications Engineering Ncon 2025,10.1109/ECTIDAMTNCON64748.2025.10962102,Kemavuthanon K.,Mae Fah Luang University,1,Conference Paper,"In affiliation-wide Scopus query, but not matched to current 50 academic staff whitelist"
2025,2-s2.0-105018036566,Simulation System for Surviving Natural Disasters Through Virtual Reality (VR),2025 10th International Conference on Business and Industrial Research Advanced Technology and Innovation for Sustainable Society Icbir 2025 Proceedings,10.1109/ICBIR65229.2025.11163119,Kemavuthanon K.,Mae Fah Luang University,0,Conference Paper,"In affiliation-wide Scopus query, but not matched to current 50 academic staff whitelist"
2025,2-s2.0-105000304336,"Short review of the potential and beneficial use of Ganoderma derived in medicinal, cultivation, and biomaterial applications",Current Research in Environmental and Applied Mycology,10.5943/cream/15/1/5,Salichanh T.,Mae Fah Luang University; Ministry of Agriculture and Forestry Laos,4,Article,"In affiliation-wide Scopus query, but not matched to current 50 academic staff whitelist"
2025,2-s2.0-105014966648,Role and Conservation of Fungi Associated with Marine Ecosystems,Current Research in Environmental and Applied Mycology,10.5943/cream/15/1/13,Asghari R.,Mae Fah Luang University,1,Review,"In affiliation-wide Scopus query, but not matched to current 50 academic staff whitelist"
2025,2-s2.0-105010759727,"Two novel Tuber species (Tuberaceae, Pezizales) from southwestern China based on morphological and molecular evidence",Mycokeys,10.3897/mycokeys.119.143714,Yuan T.J.,Mae Fah Luang University; Yunnan Agricultural Academy,0,Article,"In affiliation-wide Scopus query, but not matched to current 50 academic staff whitelist"
2025,2-s2.0-85215251407,"Novel Helicosporium and Neohelicomyces (Tubeufiaceae, Tubeufiales) species from terrestrial habitats in China and Thailand",Mycokeys,10.3897/mycokeys.112.140211,Peng T.,Moutai Institute,9,Article,"In affiliation-wide Scopus query, but not matched to current 50 academic staff whitelist"
2025,2-s2.0-85216535577,Rapid Authentication of Dendrobium Species Using Attenuated Total Reflectance Fourier Transform Infrared (ATR-FTIR) and Fourier Transform Near–Infrared (FT-NIR) Spectroscopies with Orthogonal Partial Least Squares–Discriminant Analysis (OPLS-DA),Analytical Letters,10.1080/00032719.2025.2456101,Zhao Y.,Yunnan Agricultural Academy; Yunnan Seed Laboratory,1,Article,"In affiliation-wide Scopus query, but not matched to current 50 academic staff whitelist"
2025,2-s2.0-105019769437,From genome to field: Bacillus halotolerans BJ-3 as a novel biocontrol solution for grapevine Botryosphaeria dieback,Current Research in Microbial Sciences,10.1016/j.crmicr.2025.100483,Madushani M.A.,Ministry of Agriculture of the People's Republic of China; Mae Fah Luang University,0,Article,"In affiliation-wide Scopus query, but not matched to current 50 academic staff whitelist"
2025,2-s2.0-85211059395,Simple and rapid paper-based colorimetric spot test for promethazine screening in recreational drug beverages and pharmaceuticals,Microchemical Journal,10.1016/j.microc.2024.112353,Phonchai A.,Prince of Songkla University,3,Article,"In affiliation-wide Scopus query, but not matched to current 50 academic staff whitelist"
2025,2-s2.0-105032464101,"Additions to the Entoloma (Agaricales, Entolomataceae) from China: Description of five species with one new to science",Mycokeys,10.3897/mycokeys.123.162577,Liu X.,Sichuan Agricultural University,3,Article,"In affiliation-wide Scopus query, but not matched to current 50 academic staff whitelist"
2025,2-s2.0-105009805845,"Overview of hirsutella-like anamorphs in Ophiocordyceps (Sordariomycetes, Ophiocordycipitaceae): introducing two new species and one new record from China",Mycokeys,10.3897/mycokeys.119.145174,Xie S.W.,Guizhou University,2,Article,"In affiliation-wide Scopus query, but not matched to current 50 academic staff whitelist"
2025,2-s2.0-105034539910,Taxonomy and biological properties of Ascomycota on Bidens pilosa and Chromolaena odorata in Northern Thailand with a global checklist,Mycosphere,10.5943/mycosphere/16/1/33,Htet Z.H.,Mae Fah Luang University,2,Article,"In affiliation-wide Scopus query, but not matched to current 50 academic staff whitelist"
2025,2-s2.0-105024959112,Taxonomic and phylogenetic insights to Dothideomycetes and Sordariomycetes associated with medicinal plants in Southwestern China,Mycosphere,10.5943/MYCOSPHERE/16/2/2,Du H.Z.,University of Electronic Science and Technology of China; Chiang Mai University; Guizhou University of Traditional Chinese Medicine,3,Article,"In affiliation-wide Scopus query, but not matched to current 50 academic staff whitelist"
2025,2-s2.0-86000657166,High energy-storage performance under low electric fields and enhanced electric-field-induced strain in Nb5+ doped BNT−BT lead-free piezoceramics,Journal of Asian Ceramic Societies,10.1080/21870764.2025.2475587,Premwichit P.,Naresuan University,8,Article,"In affiliation-wide Scopus query, but not matched to current 50 academic staff whitelist"
2025,2-s2.0-105002650246,Catalogue of fungi in China 1. New taxa of plant-inhabiting fungi,Mycology,10.1080/21501203.2024.2316066,Liu S.L.,Institute of Microbiology Chinese Academy of Sciences,34,Article,"In affiliation-wide Scopus query, but not matched to current 50 academic staff whitelist"
2025,2-s2.0-105001477800,"Significance of precise documentation of hosts and geospatial data of fungal collections, with an emphasis on plant-associated fungi",New Zealand Journal of Botany,10.1080/0028825X.2024.2381734,Rathnayaka A.R.,Mae Fah Luang University; Qujing Normal University,203,Review,"In affiliation-wide Scopus query, but not matched to current 50 academic staff whitelist"
2024,2-s2.0-85213885877,"Phyllosticta cangshanensis sp. nov., an endophytic fungus from Rhododendron decorum in Cangshan Mountain, Yunnan Province, China",Phytotaxa,10.11646/phytotaxa.678.3.1,Huang Z.Y.,Dali University,0,Article,"In affiliation-wide Scopus query, but not matched to current 50 academic staff whitelist"
2024,2-s2.0-85212660945,"Taxonomy, phylogeny and ecology of a new bambusicolous Resupinatus species (Agaricales, Resupinataceae) from Northern Thailand",Phytotaxa,10.11646/phytotaxa.677.3.1,Carpouron J.E.,Mae Fah Luang University,2,Article,"In affiliation-wide Scopus query, but not matched to current 50 academic staff whitelist"
2024,2-s2.0-85212656811,"Pterula siamensis sp. nov. (Basidiomycota, Pterulaceae) and the first record of Pterulicium xylogenum from Thailand",Phytotaxa,10.11646/phytotaxa.677.3.2,Appadoo M.A.,Mae Fah Luang University,1,Article,"In affiliation-wide Scopus query, but not matched to current 50 academic staff whitelist"
2024,2-s2.0-85208504294,Exploring the physicochemical properties of polysaccharides extracted from cocoa pod husk waste and their efficacy in skin hydration,Industrial Crops and Products,10.1016/j.indcrop.2024.119940,Tantapakul C.,Walailak University,9,Article,"In affiliation-wide Scopus query, but not matched to current 50 academic staff whitelist"
2024,2-s2.0-85210984915,"Distoseptispora motuoensis (Distoseptisporaceae), a new freshwater hyphomycetous species from Xizang Autonomous Prefecture, China",Phytotaxa,10.11646/phytotaxa.675.2.3,Li J.N.,Kunming Institute of Botany; Yunnan Agricultural University,0,Article,"In affiliation-wide Scopus query, but not matched to current 50 academic staff whitelist"
2024,2-s2.0-85213257449,"Diversity of Lignicolous Freshwater Fungi from Yuanjiang River in Yunnan (China), with the Description of Four New Species",Journal of Fungi,10.3390/jof10120881,Zhang L.,Dali University,6,Article,"In affiliation-wide Scopus query, but not matched to current 50 academic staff whitelist"
2024,2-s2.0-85206329041,Acremochlorin S and other prenylated chlorophenol antimicrobial metabolites from the fungus Acremonium sp. Strain MNA-F-1,Fitoterapia,10.1016/j.fitote.2024.106254,Elnaggar M.S.,"Heinrich-Heine-Universität Düsseldorf; Faculty of Pharmacy, Ain Shams University",1,Article,"In affiliation-wide Scopus query, but not matched to current 50 academic staff whitelist"
2024,2-s2.0-85179346466,"Description of a novel coprophilous Lichtheimia (Mucoromycotina , Mucorales) species with notes on Lichtheimia species and an identification key for the genus",Mycological Progress,10.1007/s11557-023-01937-x,da Cruz M.O.,"Universidade Estadual Paulista ""Júlio de Mesquita Filho""",7,Article,"In affiliation-wide Scopus query, but not matched to current 50 academic staff whitelist"
2024,2-s2.0-85196514963,Urea regulates soil nematode population by enhancing the nematode-trapping ability of nematode-trapping fungi,Scientific Reports,10.1038/s41598-024-65167-1,Fa Z.,Mae Fah Luang University; Dali University,2,Article,"In affiliation-wide Scopus query, but not matched to current 50 academic staff whitelist"
2024,2-s2.0-85213284374,Diversity of Cytospora Species Associated with Trunk Diseases of Prunus persica (Peach) in Northern China,Journal of Fungi,10.3390/jof10120843,He Z.,Ministry of Agriculture of the People's Republic of China; Beijing University of Agriculture,7,Article,"In affiliation-wide Scopus query, but not matched to current 50 academic staff whitelist"
2024,2-s2.0-85180519672,New isoindolinone derivatives isolated from the fruiting bodies of the basidiomycete Hericium coralloides,Mycological Progress,10.1007/s11557-023-01941-1,Sum W.C.,Technische Universität Braunschweig; Helmholtz Centre for Infection Research (HZI),6,Article,"In affiliation-wide Scopus query, but not matched to current 50 academic staff whitelist"
2024,2-s2.0-85205335602,Expanded gene and taxon sampling of diplomonads shows multiple switches to parasitic and free-living lifestyle,BMC Biology,10.1186/s12915-024-02013-w,Wiśniewska M.M.,"Jihočeská Univerzita v Českých Budějovicích; Uniwersytet Rolniczy im. Hugona Kołłątaja w Krakowie; Institute of Parasitology, Biology Centre of the Academy of Sciences of the Czech Republic",2,Article,"In affiliation-wide Scopus query, but not matched to current 50 academic staff whitelist"
2024,2-s2.0-85210544704,"Morpho-molecular analyses reveal Aquadictyospora yunnanensis sp. nov. from coffee (Coffea arabica) in Yunnan Province, China",Phytotaxa,10.11646/phytotaxa.674.3.1,Han M.,Qujing Normal University,5,Article,"In affiliation-wide Scopus query, but not matched to current 50 academic staff whitelist"
2024,2-s2.0-85213420147,"Morphological and molecular characterization of Cladosporium species on sweet cherry in Beijing, China",Acta Horticulturae,10.17660/ActaHortic.2024.1408.68,Zhou Y.Y.,Beijing Academy of Agriculture and Forestry Sciences; Mae Fah Luang University,0,Conference Paper,"In affiliation-wide Scopus query, but not matched to current 50 academic staff whitelist"
2024,2-s2.0-85201822358,Effects of blue-light irradiation on abscisic acid signaling and sugar translocation in Vitis labruscana L.H. Bailey grapevines,Plant Growth Regulation,10.1007/s10725-024-01206-1,Kondo S.,Chiba University; Mae Fah Luang University,3,Article,"In affiliation-wide Scopus query, but not matched to current 50 academic staff whitelist"
2024,2-s2.0-85204951239,Characterization of volatile profiles and markers prediction of eleven popular edible boletes using SDE-GC–MS and FT-NIR combined with chemometric analysis,Food Research International,10.1016/j.foodres.2024.115077,Yuan T.,Mae Fah Luang University; Yunnan Agricultural Academy,4,Article,"In affiliation-wide Scopus query, but not matched to current 50 academic staff whitelist"
2024,2-s2.0-85207546198,"Assessing the Impact of Yeast Fermentation in Dry Processing on Coffee Quality from Coffea arabica cv. Caltimor, C. arabica cv. Bourbon and C. canephora cv. Robusta",Trends in Sciences,10.48048/tis.2024.8132,Athinuwat D.,Thammasat University,2,Article,"In affiliation-wide Scopus query, but not matched to current 50 academic staff whitelist"
2024,2-s2.0-85204248629,"Periconia shannanensis sp. nov. (Periconiaceae, Pleosporales) from Xizang, China",Phytotaxa,10.11646/phytotaxa.664.4.2,Cai T.,Kunming Institute of Botany; Southwest Forestry University,6,Article,"In affiliation-wide Scopus query, but not matched to current 50 academic staff whitelist"
2024,2-s2.0-85202607004,"New Species and Records of Pleurotheciaceae from Karst Landscapes in Yunnan Province, China",Journal of Fungi,10.3390/jof10080516,Wang W.P.,Dali University,13,Article,"In affiliation-wide Scopus query, but not matched to current 50 academic staff whitelist"
2024,2-s2.0-85195193544,Comprehensive analysis of the metabolome and the whole genome transcriptome to reveal the regulatory mechanism the flavor of Phallus rubrovolvatus,Food Bioscience,10.1016/j.fbio.2024.104483,Wang J.,Guizhou University; Guizhou Academy of Agricultural Sciences,7,Article,"In affiliation-wide Scopus query, but not matched to current 50 academic staff whitelist"
2024,2-s2.0-85199402342,One new species and a new record of saprobic fungi from Ananas comosus in northern Thailand,Phytotaxa,10.11646/phytotaxa.658.2.7,Shah S.,Mae Fah Luang University,1,Article,"In affiliation-wide Scopus query, but not matched to current 50 academic staff whitelist"
2024,2-s2.0-85175653184,Improved Curcumin Recovery and In Vitro Biological Activity of Turmeric Extracts Using Nipa Palm Syrup– and Nipa Palm Vinegar–Based Natural Deep Eutectic Solvent (NADES) Hybridized with Microwave-Assisted Extraction,Food and Bioprocess Technology,10.1007/s11947-023-03253-4,Rodsamai T.,Walailak University,11,Article,"In affiliation-wide Scopus query, but not matched to current 50 academic staff whitelist"
2024,2-s2.0-85192849086,"Absidia thailandica sp. nov., an addition to the diversity of soil fungi from Thailand",Phytotaxa,10.11646/phytotaxa.646.2.5,Htet Y.M.,Mae Fah Luang University,1,Article,"In affiliation-wide Scopus query, but not matched to current 50 academic staff whitelist"
2024,2-s2.0-85195128966,"Molecular taxonomy reveals new records of Chromolaenicola (Didymosphaeriaceae, Pleosporales) and potential antibacterial properties",Studies in Fungi,10.48130/sif-0024-0006,Htet Z.H.,Mae Fah Luang University,7,Article,"In affiliation-wide Scopus query, but not matched to current 50 academic staff whitelist"
2024,2-s2.0-85189497543,Morpho-molecular study of entomopathogenic fungi associated with citrus orchard pests in Northern Iran,Archives of Microbiology,10.1007/s00203-024-03944-2,Armand A.,Mae Fah Luang University,4,Article,"In affiliation-wide Scopus query, but not matched to current 50 academic staff whitelist"
2024,2-s2.0-85191330117,"Three Novel Cheiroid Hyphomycetes in Dictyocheirospora and Dictyosporium (Dictyosporiaceae) from Freshwater Habitats in Guangdong and Guizhou Provinces, China",Journal of Fungi,10.3390/jof10040259,Shu Y.X.,Zhongkai University of Agriculture and Engineering; Mae Fah Luang University,12,Article,"In affiliation-wide Scopus query, but not matched to current 50 academic staff whitelist"
2024,2-s2.0-85189453989,"Phylogenetic and taxonomic appraisal of Neomanoharachariella xizangensis sp. nov. and the first asexual report of Acanthostigmina (Tubeufiaceae, Tubeufiales) from Xizang Autonomous Region, China",Phytotaxa,10.11646/phytotaxa.642.2.2,Yang Y.Y.,Kunming Institute of Botany; Mae Fah Luang University,3,Article,"In affiliation-wide Scopus query, but not matched to current 50 academic staff whitelist"
2024,2-s2.0-85184832325,Biodistribution of Therapeutic Small Interfering RNAs Delivered with Lipid-Substituted Polyethylenimine-Based Delivery Systems,Molecular Pharmaceutics,10.1021/acs.molpharmaceut.3c01077,Morales L.C.,University of Alberta,6,Article,"In affiliation-wide Scopus query, but not matched to current 50 academic staff whitelist"
2024,2-s2.0-85187892388,"Author Correction to: Alternaria: update on species limits, evolution, multi-locus phylogeny, and classification (Maximum Academic Press)",Studies in Fungi,10.48130/sif-0024-0001,Li J.F.,Kunming Institute of Botany,0,Erratum,"In affiliation-wide Scopus query, but not matched to current 50 academic staff whitelist"
2024,2-s2.0-85186590942,"Velutinus, a novel genus in Patellariopsidaceae from medicinal plants in Sichuan Province, China",Phytotaxa,10.11646/phytotaxa.638.2.5,Wu N.,University of Electronic Science and Technology of China; Mae Fah Luang University,7,Article,"In affiliation-wide Scopus query, but not matched to current 50 academic staff whitelist"
2024,2-s2.0-85187116897,"Two new freshwater hyphomycetous species of Sporoschisma Berk. & Broome (Chaetosphaeriales) from Tibetan Plateau, China",Cryptogamie Mycologie,10.5252/cryptogamie-mycologie2024v45a3,Xu R.J.,Kunming Institute of Botany; Mae Fah Luang University,7,Article,"In affiliation-wide Scopus query, but not matched to current 50 academic staff whitelist"
2024,2-s2.0-85183662006,"Pestalotiopsis phyllostachydis sp. nov. from Guangdong, China",Phytotaxa,10.11646/phytotaxa.633.1.8,Zhao H.,Zhongkai University of Agriculture and Engineering; Mae Fah Luang University,3,Article,"In affiliation-wide Scopus query, but not matched to current 50 academic staff whitelist"
2024,2-s2.0-85165382050,Life cycle assessment of environmental impacts for two-stage anaerobic biogas plant between commercial and pilot scales,International Journal of Hydrogen Energy,10.1016/j.ijhydene.2023.06.331,Sinsuw A.A.E.,Feng Chia University; Universitas Sam Ratulangi,23,Article,"In affiliation-wide Scopus query, but not matched to current 50 academic staff whitelist"
2024,2-s2.0-85173142456,An immobilized mixed microflora approach to enhancing hydrogen and methane productions from high-strength organic loading food waste hydrolysate in series batch reactors,International Journal of Hydrogen Energy,10.1016/j.ijhydene.2023.09.187,Pomdaeng P.,Feng Chia University,19,Article,"In affiliation-wide Scopus query, but not matched to current 50 academic staff whitelist"
2024,2-s2.0-85216594707,"Hand, Heart, and AI Harmony: Integrating Generative AI to Innovate Northern Thai Local Wisdom",International Computer Science and Engineering Conference,10.1109/ICSEC62781.2024.10770642,Putjorn P.,Mae Fah Luang University,7,Conference Paper,"In affiliation-wide Scopus query, but not matched to current 50 academic staff whitelist"
2024,2-s2.0-85194029688,Three novel species and new records of Kirschsteiniothelia (Kirschsteiniotheliales) from northern Thailand,Mycokeys,10.3897/mycokeys.101.115286,Gomes de Farias A.R.,Mae Fah Luang University,12,Article,"In affiliation-wide Scopus query, but not matched to current 50 academic staff whitelist"
2024,2-s2.0-85184891714,A new addition to Kirschsteiniotheliaceae: Kirschsteiniothelia chiangmaiensis sp. nov. from Northern Thailand,Phytotaxa,10.11646/phytotaxa.634.1.4,Louangphan J.,Mae Fah Luang University,9,Article,"In affiliation-wide Scopus query, but not matched to current 50 academic staff whitelist"
2024,2-s2.0-85192233555,"Lambertella (Rutstroemiaceae, Helotiales) from Northern Thailand",New Zealand Journal of Botany,10.1080/0028825X.2024.2344859,Lestari A.S.,Mae Fah Luang University; Organisasi Riset Ilmu Pengetahuan Hayati; Mushroom Research Foundation,7,Article,"In affiliation-wide Scopus query, but not matched to current 50 academic staff whitelist"
2024,2-s2.0-85185188288,"Diversity of Distoseptispora (Distoseptisporaceae) taxa on submerged decaying wood from the Red River in Yunnan, China",Mycokeys,10.3897/mycokeys.102.116096,Shen H.W.,Mae Fah Luang University; Dali University,24,Article,"In affiliation-wide Scopus query, but not matched to current 50 academic staff whitelist"
2024,2-s2.0-85192057597,"Morphology and multigene phylogeny reveal a novel Stagonospora species (Massarinaceae, Dothideomycetes) from Thailand",Phytotaxa,10.11646/phytotaxa.644.4.4,Bhagya A.T.,Mae Fah Luang University,3,Article,"In affiliation-wide Scopus query, but not matched to current 50 academic staff whitelist"
2024,2-s2.0-85199715174,"Three new Melanogaster species (Boletales, Paxillaceae) from southwestern China based on morphological and molecular evidence",Mycokeys,10.3897/mycokeys.107.123565,Yuan T.J.,Mae Fah Luang University; Yunnan Agricultural Academy,1,Article,"In affiliation-wide Scopus query, but not matched to current 50 academic staff whitelist"
2024,2-s2.0-85196646822,Identification of a new species and three new records of Chaetomiaceae associated with commercial herbal teas in northern Thailand,Phytotaxa,10.11646/phytotaxa.653.2.3,Rongjuxu ,Kunming Institute of Botany; Mae Fah Luang University,1,Article,"In affiliation-wide Scopus query, but not matched to current 50 academic staff whitelist"
2024,2-s2.0-85179939060,Nemania hydei sp. nov. (Xylariaceae) from Avicennia marina in Central Thailand,New Zealand Journal of Botany,10.1080/0028825X.2023.2289420,Apurillo C.C.S.,Mae Fah Luang University; Philippine Science High School-Eastern Visayas Campus,6,Article,"In affiliation-wide Scopus query, but not matched to current 50 academic staff whitelist"
2024,2-s2.0-85197582062,"Research Profiles - I: The research of Vinodhini Thiyagaraja and her team at Kunming Institute of Botany, CAS, P.R. China",Current Research in Environmental and Applied Mycology,10.5943/cream/14/1/2,Thiyagaraja V.,Kunming Institute of Botany,14,Article,"In affiliation-wide Scopus query, but not matched to current 50 academic staff whitelist"
2024,2-s2.0-85190421319,"Two novel lignicolous freshwater fungi, Conioscypha xizangensis and Cordana linzhiensis, from the Tibetan Plateau, China",New Zealand Journal of Botany,10.1080/0028825X.2024.2336044,Xu R.J.,Kunming Institute of Botany; Mae Fah Luang University,17,Article,"In affiliation-wide Scopus query, but not matched to current 50 academic staff whitelist"
2024,2-s2.0-85197582493,"Pseudoplectania globospora (Sarcosomataceae, Pezizales), a new species from Yunnan, China",Current Research in Environmental and Applied Mycology,10.5943/cream/14/1/3,Zeng M.,Kunming Institute of Botany; Mae Fah Luang University,2,Article,"In affiliation-wide Scopus query, but not matched to current 50 academic staff whitelist"
2024,2-s2.0-85183432514,Multilocus Phylogeny and Characterization of Five Undescribed Aquatic Carnivorous Fungi (Orbiliomycetes),Journal of Fungi,10.3390/jof10010081,Zhang F.,Mae Fah Luang University; Dali University,4,Article,"In affiliation-wide Scopus query, but not matched to current 50 academic staff whitelist"
2024,2-s2.0-85198928640,"Appendopyricularia guttulata sp. nov., a lignicolous freshwater fungus from Dianchi Lake in Yunnan, China",Phytotaxa,10.11646/phytotaxa.660.1.5,Ying W.,Dali University,0,Article,"In affiliation-wide Scopus query, but not matched to current 50 academic staff whitelist"
2024,2-s2.0-85192068371,"Introduction of a novel freshwater species Setoseptoria guangxiensis sp. nov., with Setoseptoria baiyunensis nom. nov., in Lentitheciaceae, Pleosporales",Phytotaxa,10.11646/phytotaxa.645.2.2,Yongxin S.H.U.,Zhongkai University of Agriculture and Engineering; Mae Fah Luang University,1,Article,"In affiliation-wide Scopus query, but not matched to current 50 academic staff whitelist"
2024,2-s2.0-85174237195,"Paramecium (Oligohymenophorea, Ciliophora) diversity in Thailand sheds light on the genus biogeography and reveals new phylogenetic lineages",Journal of Eukaryotic Microbiology,10.1111/jeu.13004,Melekhin M.,Zoological Institute of the Russian Academy of Sciences,5,Article,"In affiliation-wide Scopus query, but not matched to current 50 academic staff whitelist"
2024,2-s2.0-85209744250,"Interesting mycoparasites and Paradingleyomyces lepidopterorum gen. et sp. nov. (Hypocreales, Polycephalomycetaceae) from Yunnan Province, China",Mycokeys,10.3897/mycokeys.110.134132,Wang Y.,Guizhou University,3,Article,"In affiliation-wide Scopus query, but not matched to current 50 academic staff whitelist"
2024,2-s2.0-85195852376,"Unveiling the Diversity: A Novel Species of Dicephalospora (Helotiaceae, Helotiales) Discovered in China",Phytotaxa,10.11646/phytotaxa.652.1.5,Luo L.,Kunming Institute of Botany; Mae Fah Luang University; Guiyang Institute of Humanities and Technology,10,Article,"In affiliation-wide Scopus query, but not matched to current 50 academic staff whitelist"
2024,2-s2.0-85184226164,"A novel genus and new records of Dothideomycetes associated with Litchi chinensis litter from Guangdong Province, China",New Zealand Journal of Botany,10.1080/0028825X.2023.2274628,Yang Y.H.,Zhongkai University of Agriculture and Engineering; Mae Fah Luang University,5,Article,"In affiliation-wide Scopus query, but not matched to current 50 academic staff whitelist"
2024,2-s2.0-85191564485,"Three novel species of Aquapteridospora (Distoseptisporales, Aquapteridosporaceae) from freshwater habitats in Tibetan Plateau, China",Mycokeys,10.3897/mycokeys.102.112905,Xu R.J.,Kunming Institute of Botany; Mae Fah Luang University,10,Article,"In affiliation-wide Scopus query, but not matched to current 50 academic staff whitelist"
2024,2-s2.0-105002855578,"Design, Evaluation, and Acceptance of Advanced Energy-Efficient Houses for Thailand",Ecodesign for Sustainable Products Services and Social Systems I,10.1007/978-981-99-3818-6_3,Tasaki T.,National Institute for Environmental Studies of Japan,0,Book Chapter,"In affiliation-wide Scopus query, but not matched to current 50 academic staff whitelist"
2024,2-s2.0-85184230298,"Saprobic Dothideomycetes from Yunnan, China: introducing a new species, Queenslandipenidiella lingcangensis, and a new host record for Periconia byssoides",New Zealand Journal of Botany,10.1080/0028825X.2023.2297476,Ren G.C.,Mae Fah Luang University; Guiyang Healthcare Vocational University,3,Article,"In affiliation-wide Scopus query, but not matched to current 50 academic staff whitelist"
2024,2-s2.0-105010862570,Unveiling the potential of Daldinia eschscholtzii MFLUCC 19-0629 through bioactivity and bioinformatics studies for enhanced sustainable agriculture production,Frontiers in Chemical Biology,10.3389/fchbi.2024.1362147,Brooks S.,Mae Fah Luang University,3,Article,"In affiliation-wide Scopus query, but not matched to current 50 academic staff whitelist"
2024,2-s2.0-85191555316,"Four new species of Dothideomycetes (Ascomycota) from Pará Rubber (Hevea brasiliensis) in Yunnan Province, China",Mycokeys,10.3897/mycokeys.103.117580,Xu R.F.,Mae Fah Luang University; Qujing Normal University,25,Article,"In affiliation-wide Scopus query, but not matched to current 50 academic staff whitelist"
2024,2-s2.0-85185316370,Unravelling The Diversity of Cherry Tomato (Solanum lycopersicum var. cerasiforme) Seed Microbes and Their Effect on Seed Health,Journal of Tropical Biodiversity and Biotechnology,10.22146/jtbb.84919,Aumentado H.D.,University of the Philippines Los Banos; Mae Fah Luang University,1,Article,"In affiliation-wide Scopus query, but not matched to current 50 academic staff whitelist"
2024,2-s2.0-85205561401,"Species diversity, taxonomy, molecular systematics and divergence time of wood-inhabiting fungi in Yunnan-Guizhou Plateau, Asia",Mycosphere,10.5943/MYCOSPHERE/15/1/10,Dong J.H.,Southwest Forestry University,90,Article,"In affiliation-wide Scopus query, but not matched to current 50 academic staff whitelist"
2024,2-s2.0-85153763958,Effects of isosakuranetin on cerebral infarction and blood brain barrier damage from cerebral ischemia/reperfusion injury in a rat model,Journal of Biomolecular Structure and Dynamics,10.1080/07391102.2023.2205940,Janyou A.,"School of Medicine, Mae Fah Luang University",9,Article,"In affiliation-wide Scopus query, but not matched to current 50 academic staff whitelist"
2024,2-s2.0-85191080653,"Rostrupomyces, a new genus to accommodate Xerocomus sisongkhramensis, and a new Hemileccinum species (Xerocomoideae, Boletaceae) from Thailand",Mycokeys,10.3897/mycokeys.103.107935,Vadthanarat S.,Mae Fah Luang University; Ubon Ratchathani University,7,Article,"In affiliation-wide Scopus query, but not matched to current 50 academic staff whitelist"
2024,2-s2.0-85202025382,"New species and new records of Laccaria (Agaricales, Basidiomycota) from Northern Thailand",Mycokeys,10.3897/mycokeys.107.127907,Tang S.M.,Dali University; Yunnan Agricultural Academy,9,Article,"In affiliation-wide Scopus query, but not matched to current 50 academic staff whitelist"
2023,2-s2.0-85180578088,Sclerococcum pseudobactrodesmium sp. nov. from a terrestrial habitat in China,Phytotaxa,10.11646/phytotaxa.630.1.6,Ma J.,Mae Fah Luang University; Guizhou Institute of Technology,3,Article,"In affiliation-wide Scopus query, but not matched to current 50 academic staff whitelist"
2023,2-s2.0-85181475029,Determination of promethazine in forensic samples using multi-walled carbon nanotube-gold nanoparticle electrochemical sensor,Analytical Methods,10.1039/d3ay01706k,Chanjamsri N.,Mae Fah Luang University,9,Article,"In affiliation-wide Scopus query, but not matched to current 50 academic staff whitelist"
2023,2-s2.0-85180427506,Diversity and Advantages of Culturable Endophytic Fungi from Tea (Camellia sinensis),Journal of Fungi,10.3390/jof9121191,Onlamun T.,Hungarian University of Agriculture and Life Sciences,12,Article,"In affiliation-wide Scopus query, but not matched to current 50 academic staff whitelist"
2023,2-s2.0-85169339445,Natural infection of Podosphaera xanthii on Solanum melongena and tolerance of two eggplant genotypes to powdery mildew,Indian Phytopathology,10.1007/s42360-023-00667-0,Aumentado H.D.,University of the Philippines Los Banos; Mae Fah Luang University,2,Article,"In affiliation-wide Scopus query, but not matched to current 50 academic staff whitelist"
2023,2-s2.0-85177077714,"Addition to Pseudoplagiostomataceae: Pseudoplagiostoma inthanonense sp. nov. from Doi Inthanon National Park, Northern Thailand",Phytotaxa,10.11646/phytotaxa.625.1.4,Hittanadurage Silva V.S.,Mae Fah Luang University,4,Article,"In affiliation-wide Scopus query, but not matched to current 50 academic staff whitelist"
2023,2-s2.0-85178093880,"Four New Endophytic Apiospora Species Isolated from Three Dicranopteris Species in Guizhou, China",Journal of Fungi,10.3390/jof9111096,Zhang J.Y.,Mae Fah Luang University; Guizhou Institute of Technology,14,Article,"In affiliation-wide Scopus query, but not matched to current 50 academic staff whitelist"
2023,2-s2.0-85178098079,Morpho-Phylogenetic Evidence Reveals Novel Species and New Records of Botryosphaeriaceae in China and Thailand,Journal of Fungi,10.3390/jof9111051,Wu N.,University of Electronic Science and Technology of China; Mae Fah Luang University,11,Article,"In affiliation-wide Scopus query, but not matched to current 50 academic staff whitelist"
2023,2-s2.0-85176585618,Potential of Arabica Coffee Beans from Northern Thailand: Exploring Antidiabetic Metabolites through Liquid Chromatography with Tandem Mass Spectrometry (LC-MS/MS) Metabolomic Profiling across Diverse Postharvest Processing Techniques,Foods,10.3390/foods12213893,Tantapakul C.,Walailak University,5,Article,"In affiliation-wide Scopus query, but not matched to current 50 academic staff whitelist"
2023,2-s2.0-85177029257,"Checklist, typification details, and nomenclature status of Basidiomycota, originally described from Sri Lanka",Phytotaxa,10.11646/phytotaxa.621.1.1,Karunarathna S.C.,"Qujing Normal University; National Institute of Fundamental Studies, Sri Lanka",2,Article,"In affiliation-wide Scopus query, but not matched to current 50 academic staff whitelist"
2023,2-s2.0-85176757256,"Taxonomy and phylogeny of Paradictyoarthrinium salsipaludicola sp. nov. (Paradictyoarthriniaceae, Pleosporales) from mangroves",Phytotaxa,10.11646/phytotaxa.620.4.4,Htet Z.H.,Mae Fah Luang University,11,Article,"In affiliation-wide Scopus query, but not matched to current 50 academic staff whitelist"
2023,2-s2.0-85174857609,A new lignicolous hyphomycete species of Neospadicoides in Xenospadicoidaceae (Xenospadicoidales) from Thailand,Phytotaxa,10.11646/phytotaxa.619.2.4,Xu R.J.,Kunming Institute of Botany; Mae Fah Luang University,2,Article,"In affiliation-wide Scopus query, but not matched to current 50 academic staff whitelist"
2023,2-s2.0-85175099643,New host records of Ganoderma in northern Thailand and determination of nutritional contents of selected Ganoderma species,Asian Journal of Mycology,10.5943/ajom/6/2/4,Luangharn T.,Mae Fah Luang University,1,Article,"In affiliation-wide Scopus query, but not matched to current 50 academic staff whitelist"
2023,2-s2.0-85175092098,"Molecular Identification and Pathogenicity of Diaporthe eres and D. hongkongensis (Diaporthales, Ascomycota) Associated with Cherry Trunk Diseases in China",Microorganisms,10.3390/microorganisms11102400,Chen P.,Beijing Academy of Agriculture and Forestry Sciences,18,Article,"In affiliation-wide Scopus query, but not matched to current 50 academic staff whitelist"
2023,2-s2.0-85174802652,"Wongia suae sp. nov., a lignicolous freshwater fungus from Yuanjiang (Red River) Basin, China",Phytotaxa,10.11646/phytotaxa.616.3.5,Zhang L.,Dali University,10,Article,"In affiliation-wide Scopus query, but not matched to current 50 academic staff whitelist"
2023,2-s2.0-85174968846,Dothiorella saprophytica sp. nov.: a new Dothiorella sexual morph from Thailand,Phytotaxa,10.11646/phytotaxa.616.2.4,De Farias A.R.G.,Mae Fah Luang University,3,Article,"In affiliation-wide Scopus query, but not matched to current 50 academic staff whitelist"
2023,2-s2.0-85174827618,"Taxonomy, phylogeny, and successful cultivation of Marasmiellus scandens (Basidiomycota) associated with Aquilaria sinensis (agarwood tree) in China",Phytotaxa,10.11646/phytotaxa.616.1.4,Zhang S.,Kunming Institute of Botany; Mae Fah Luang University; CIFOR-ICRAF China Program,2,Article,"In affiliation-wide Scopus query, but not matched to current 50 academic staff whitelist"
2023,2-s2.0-85172783417,"Absidia zygospora (Mucoromycetes), a new species from Nan Province, Thailand",Studies in Fungi,10.48130/SIF-2023-0015,Hurdeal V.G.,Mae Fah Luang University,9,Article,"In affiliation-wide Scopus query, but not matched to current 50 academic staff whitelist"
2023,2-s2.0-85176437159,Isolation and characterization of novel Dothideomycetes species from forest soils in Chiang Rai and Krabi (Thailand): additions to the diversity of Curvularia and Verruconis,Phytotaxa,10.11646/phytotaxa.609.1.3,Yasanthika W.A.E.,Zhongkai University of Agriculture and Engineering; Mae Fah Luang University,10,Article,"In affiliation-wide Scopus query, but not matched to current 50 academic staff whitelist"
2023,2-s2.0-85151366991,"Neocamarosporium aquaticum (Neocamarosporiaceae, Dothideomycetes), a novel fungus from salt marsh habitats",Botanica Marina,10.1515/bot-2022-0071,Prematunga C.,Mae Fah Luang University,5,Article,"In affiliation-wide Scopus query, but not matched to current 50 academic staff whitelist"
2023,2-s2.0-85152736782,Comparative transcriptome and antioxidant biomarker response reveal molecular mechanisms to cope with zinc ion exposure in the unicellular eukaryote Paramecium,Journal of Hazardous Materials,10.1016/j.jhazmat.2023.131364,Li C.,"Shandong University, Weihai",17,Article,"In affiliation-wide Scopus query, but not matched to current 50 academic staff whitelist"
2023,2-s2.0-85169662471,"A novel hydnoid species of Hydnellum (Bankeraceae, Thelephorales) from southwest China",Phytotaxa,10.11646/phytotaxa.600.5.4,Lei L.,Kunming Institute of Botany; Mae Fah Luang University,5,Article,"In affiliation-wide Scopus query, but not matched to current 50 academic staff whitelist"
2023,2-s2.0-85166406195,Morphological and Multi-Gene Phylogenetic Analyses Reveal Pseudotubeufia gen. nov. and Two New Species in Tubeufiaceae from China,Journal of Fungi,10.3390/jof9070742,Ma J.,Mae Fah Luang University; Guizhou Institute of Technology,27,Article,"In affiliation-wide Scopus query, but not matched to current 50 academic staff whitelist"
2023,2-s2.0-85164445952,Identification of the Postharvest Pink Mold Rot Fungus (Trichothecium roseum) on Grapes in China,Chiang Mai Journal of Science,10.12982/CMJS.2023.040,Harishchandra D.L.,Chiang Mai University; Beijing Academy of Agriculture and Forestry Sciences,3,Article,"In affiliation-wide Scopus query, but not matched to current 50 academic staff whitelist"
2023,2-s2.0-85166399987,"Morphological and Phylogenetic Characterization of Five Novel Nematode-Trapping Fungi (Orbiliomycetes) from Yunnan, China",Journal of Fungi,10.3390/jof9070735,Zhang F.,Mae Fah Luang University; Dali University,12,Article,"In affiliation-wide Scopus query, but not matched to current 50 academic staff whitelist"
2023,2-s2.0-85166440261,Conidia Fusion: A Mechanism for Fungal Adaptation to Nutrient-Poor Habitats,Journal of Fungi,10.3390/jof9070755,Yang X.,Dali University,2,Article,"In affiliation-wide Scopus query, but not matched to current 50 academic staff whitelist"
2023,2-s2.0-85163921788,Evolutionary analysis of cellular reduction and anaerobicity in the hyper-prevalent gut microbe Blastocystis,Current Biology,10.1016/j.cub.2023.05.025,Záhonová K.,"Charles University; University of Alberta, Faculty of Medicine and Dentistry; Ostravská Univerzita v Ostrave; Institute of Parasitology, Biology Centre of the Academy of Sciences of the Czech Republic",13,Article,"In affiliation-wide Scopus query, but not matched to current 50 academic staff whitelist"
2023,2-s2.0-85163933426,"Culture-Independent Single-Cell PacBio Sequencing Reveals Epibiotic Variovorax and Nucleus Associated Mycoplasma in the Microbiome of the Marine Benthic Protist Geleia sp. YT (Ciliophora, Karyorelictea)",Microorganisms,10.3390/microorganisms11061500,Zhang X.,"Yantai University; Yantai Institute of Coastal Zone Research, Chinese Academy of Sciences",3,Article,"In affiliation-wide Scopus query, but not matched to current 50 academic staff whitelist"
2023,2-s2.0-85163760180,"Morphological and Phylogenetic Characterisations Reveal Four New Species in Leptosphaeriaceae (Pleosporales, Dothideomycetes)",Journal of Fungi,10.3390/jof9060612,Gao Y.,Kunming Institute of Botany; Mae Fah Luang University,6,Article,"In affiliation-wide Scopus query, but not matched to current 50 academic staff whitelist"
2023,2-s2.0-85174168722,"Molecular Identification of Cryptosporidium spp., and Giardia duodenalis in Dromedary Camels (Camelus dromedarius) from the Algerian Sahara",Parasitologia,10.3390/parasitologia3020016,Maxamhud S.,University of Kent,13,Article,"In affiliation-wide Scopus query, but not matched to current 50 academic staff whitelist"
2023,2-s2.0-85151643084,Follow-up investigation into Cryptosporidium prevalence and transmission in Western European dairy farms,Veterinary Parasitology,10.1016/j.vetpar.2023.109920,Hoque S.,University of Kent,11,Article,"In affiliation-wide Scopus query, but not matched to current 50 academic staff whitelist"
2023,2-s2.0-85164622811,Two new records of Xylariales species from Northern Thailand,Phytotaxa,10.11646/phytotaxa.598.3.1,Karimi O.,Guiyang Medical College; Mae Fah Luang University,5,Article,"In affiliation-wide Scopus query, but not matched to current 50 academic staff whitelist"
2023,2-s2.0-85164671216,"Hodophilus pseudoglabripes (Clavariaceae, Agaricales), a new species from Thailand",Phytotaxa,10.11646/PHYTOTAXA.597.3.3,Tang S.,Mae Fah Luang University; Yunnan Agricultural Academy,1,Article,"In affiliation-wide Scopus query, but not matched to current 50 academic staff whitelist"
2023,2-s2.0-85160091837,Inocybe hopeae sp. nov. and first record of Pseudosperma keralense (Inocybaceae) from Thailand,European Journal of Taxonomy,10.5852/ejt.2023.870.2115,Raghoonundon B.,Mae Fah Luang University,5,Article,"In affiliation-wide Scopus query, but not matched to current 50 academic staff whitelist"
2023,2-s2.0-85160422446,"Introducing Nigrograna wuhanensis sp. nov. (Nigrogranaceae, Pleosporales) from Camellia japonica in China",Chiang Mai Journal of Science,10.12982/CMJS.2023.025,Shu Y.X.,Zhongkai University of Agriculture and Engineering; Mae Fah Luang University,8,Article,"In affiliation-wide Scopus query, but not matched to current 50 academic staff whitelist"
2023,2-s2.0-85160565539,"Taxonomy and Phylogeny of Hyphomycetous Muriform Conidial Taxa from the Tibetan Plateau, China",Journal of Fungi,10.3390/jof9050560,Xu R.J.,Kunming Institute of Botany; Mae Fah Luang University,33,Article,"In affiliation-wide Scopus query, but not matched to current 50 academic staff whitelist"
2023,2-s2.0-85163166094,"Isolation and Identifi cation of Postharvest Fungal Pathogens of Some Selected Fruits in Yunnan, China",Chiang Mai Journal of Science,10.12982/CMJS.2023.023,Dao C.J.,Yunnan Agricultural University,4,Article,"In affiliation-wide Scopus query, but not matched to current 50 academic staff whitelist"
2023,2-s2.0-85160579080,Regulation of Intracellular Reactive Oxygen Species Levels after the Development of Phallus rubrovolvatus Rot Disease Due to Trichoderma koningii Mycoparasitism,Journal of Fungi,10.3390/jof9050525,Lu M.,Guizhou University,12,Article,"In affiliation-wide Scopus query, but not matched to current 50 academic staff whitelist"
2023,2-s2.0-85150011747,"Burkholderia semiarida sp. nov. and Burkholderia sola sp. nov., two novel B. cepacia complex species causing onion sour skin",Systematic and Applied Microbiology,10.1016/j.syapm.2023.126415,Velez L.S.,Universidade Federal Rural de Pernambuco,25,Article,"In affiliation-wide Scopus query, but not matched to current 50 academic staff whitelist"
2023,2-s2.0-85156152243,Arthrobotrys blastospora sp. nov. (Orbiliomycetes): A Living Fossil Displaying Morphological Traits of Mesozoic Carnivorous Fungi,Journal of Fungi,10.3390/jof9040451,Zhang F.,Mae Fah Luang University; Dali University,7,Article,"In affiliation-wide Scopus query, but not matched to current 50 academic staff whitelist"
2023,2-s2.0-85150760445,"Taxonomic and phylogenic appraisal of Pestalotiopsis linguae sp. nov., and a new record of P. nanjingensis from Pyrrosia lingua (Polypodiaceae) in Southern China",Phytotaxa,10.11646/phytotaxa.587.3.3,Li H.,Ministry of Agriculture of the People's Republic of China; Zhongkai University of Agriculture and Engineering; Mae Fah Luang University,9,Article,"In affiliation-wide Scopus query, but not matched to current 50 academic staff whitelist"
2023,2-s2.0-85148236866,A taxonomic and phylogenetic contribution to Torula: T. phytolaccae sp. nov. on Phytolacca acinosa from China,Phytotaxa,10.11646/phytotaxa.584.1.1,Li Y.X.,Zhongkai University of Agriculture and Engineering; Mae Fah Luang University,8,Article,"In affiliation-wide Scopus query, but not matched to current 50 academic staff whitelist"
2023,2-s2.0-85148963071,LtGAPR1 Is a Novel Secreted Effector from Lasiodiplodia theobromae That Interacts with NbPsQ2 to Negatively Regulate Infection,Journal of Fungi,10.3390/jof9020188,Huang C.,Beijing Academy of Agriculture and Forestry Sciences,6,Article,"In affiliation-wide Scopus query, but not matched to current 50 academic staff whitelist"
2023,2-s2.0-85148948664,"Plant-Associated Novel Didymellaceous Taxa in the South China Botanical Garden (Guangzhou, China)",Journal of Fungi,10.3390/jof9020182,Kularathnage N.D.,Zhongkai University of Agriculture and Engineering; Mae Fah Luang University,18,Article,"In affiliation-wide Scopus query, but not matched to current 50 academic staff whitelist"
2023,2-s2.0-85148948614,"Additions to Rhytidhysteron (Hysteriales, Dothideomycetes) in China",Journal of Fungi,10.3390/jof9020148,Du T.Y.,Mae Fah Luang University; Qujing Normal University,24,Article,"In affiliation-wide Scopus query, but not matched to current 50 academic staff whitelist"
2023,2-s2.0-85148956014,"Novelties in Microthyriaceae (Microthyriales): Two New Asexual Genera with Three New Species from Freshwater Habitats in Guizhou Province, China",Journal of Fungi,10.3390/jof9020178,Liu L.,Guizhou Academy of Agricultural Sciences,13,Article,"In affiliation-wide Scopus query, but not matched to current 50 academic staff whitelist"
2023,2-s2.0-85148942105,Re-Evaluating Botryosphaeriales: Ancestral State Reconstructions of Selected Characters and Evolution of Nutritional Modes,Journal of Fungi,10.3390/jof9020184,Rathnayaka A.R.,National Chiayi University; Mae Fah Luang University,27,Review,"In affiliation-wide Scopus query, but not matched to current 50 academic staff whitelist"
2023,2-s2.0-105005591623,L-Phenylalanine Supplementation Effects on Catechin Contents and Tea Quality of Fresh Assam and Chinese Green Tea Leaves,Science Essence Journal,,Wattanasiri C.,Mae Fah Luang University,0,Article,"In affiliation-wide Scopus query, but not matched to current 50 academic staff whitelist"
2023,2-s2.0-85163407123,Integrate system design and development of Global Sustainable Tourism Criteria system (GSTC),8th International Conference on Digital Arts Media and Technology and 6th Ecti Northern Section Conference on Electrical Electronics Computer and Telecommunications Engineering Ecti Damt and Ncon 2023,10.1109/ECTIDAMTNCON57770.2023.10139736,Kemavuthanon K.,Mae Fah Luang University,2,Conference Paper,"In affiliation-wide Scopus query, but not matched to current 50 academic staff whitelist"
2023,2-s2.0-85176565827,"Morphology and multi-gene phylogeny reveal a novel Torula (Pleosporales, Torulaceae) species from the plateau lakes in Yunnan, China",Biodiversity Data Journal,10.3897/BDJ.11.E109477,Luan S.,Dali University,10,Article,"In affiliation-wide Scopus query, but not matched to current 50 academic staff whitelist"
2023,2-s2.0-85153320964,Utilizing Wasteaware Benchmark Indicators to Improve Municipal Solid Waste Management in Northern Thailand,Applied Environmental Research,10.35762/AER.2023006,Vassanadumrongdee S.,Chulalongkorn University,4,Article,"In affiliation-wide Scopus query, but not matched to current 50 academic staff whitelist"
2023,2-s2.0-85151701932,Development of Dried Urine Samples for Simultaneous Quantitative Detection of Sibutramine and Its Active Metabolites by Liquid Chromatography/Mass Spectrometry,Science and Technology Asia,,Nachalaem P.,Mae Fah Luang University; Faculty of Allied Health Sciences Thammasat University,2,Article,"In affiliation-wide Scopus query, but not matched to current 50 academic staff whitelist"
2023,2-s2.0-85152461439,"Kirschsteiniothelia xishuangbannaensis sp. nov. from pará rubber (Hevea brasiliensis) in Yunnan, China",Current Research in Environmental and Applied Mycology,10.5943/CREAM/13/1/3,Xu R.F.,Mae Fah Luang University; Qujing Normal University,19,Article,"In affiliation-wide Scopus query, but not matched to current 50 academic staff whitelist"
2023,2-s2.0-85169809244,"Two novel species and three new records of Torulaceae from Yunnan Province, China",Mycokeys,10.3897/mycokeys.99.106699,Wang W.P.,Dali University,11,Article,"In affiliation-wide Scopus query, but not matched to current 50 academic staff whitelist"
2023,2-s2.0-85183579957,"Corrigendum: Fungal community remediate quartz tailings soil under plant combined with urban sludge treatments (Frontiers in Microbiology, (2023), 14, (1160960), 10.3389/fmicb.2023.1160960)",Frontiers in Microbiology,10.3389/fmicb.2023.1265591,Dong F.,Mae Fah Luang University; Chuzhou University; Guizhou Institute of Technology,1,Erratum,"In affiliation-wide Scopus query, but not matched to current 50 academic staff whitelist"
2023,2-s2.0-85171179776,"Morphological and phylogenetic analyses reveal three new species and one new record of Tubeufia (Tubeufiales, Tubeufiaceae) from southern China",Mycokeys,10.3897/mycokeys.99.107606,Ma J.,Mae Fah Luang University; Guizhou Institute of Technology,17,Article,"In affiliation-wide Scopus query, but not matched to current 50 academic staff whitelist"
2023,2-s2.0-85158002551,Fungal community remediate quartz tailings soil under plant combined with urban sludge treatments,Frontiers in Microbiology,10.3389/fmicb.2023.1160960,Dong F.,Mae Fah Luang University; Guizhou Institute of Technology,3,Article,"In affiliation-wide Scopus query, but not matched to current 50 academic staff whitelist"
2023,2-s2.0-85162967127,"Phytopathogenic discomycetes, their economic impacts and control applications",Current Research in Environmental and Applied Mycology,10.5943/cream/13/1/13,Lestari A.S.,Mae Fah Luang University; Organisasi Riset Ilmu Pengetahuan Hayati,7,Article,"In affiliation-wide Scopus query, but not matched to current 50 academic staff whitelist"
2023,2-s2.0-85166237271,"Cystoderma lignicola, a new species from southwestern China",Asian Journal of Mycology,10.5943/ajom/6/1/7,Liu J.W.,Kunming Institute of Botany; Mae Fah Luang University,2,Article,"In affiliation-wide Scopus query, but not matched to current 50 academic staff whitelist"
2023,2-s2.0-85181473411,Insights into the profile of soil fungal diversity in Thailand,Asian Journal of Mycology,10.5943/ajom/6/2/11,Gomes de Farias A.R.,Mae Fah Luang University,2,Article,"In affiliation-wide Scopus query, but not matched to current 50 academic staff whitelist"
2023,2-s2.0-85152376768,Two new species of Erioscyphella (Lachnaceae) from southwestern China,Current Research in Environmental and Applied Mycology,10.5943/CREAM/13/1/2,Su H.L.,Kunming Institute of Botany; Mae Fah Luang University,8,Article,"In affiliation-wide Scopus query, but not matched to current 50 academic staff whitelist"
2023,2-s2.0-85198319446,Introducing Discomycetes.org: An online platform dedicated to apothecial fungi,Current Research in Environmental and Applied Mycology,10.5943/CREAM/13/1/19,Lestari A.S.,Mae Fah Luang University; Organisasi Riset Ilmu Pengetahuan Hayati; Mushroom Research Foundation,3,Article,"In affiliation-wide Scopus query, but not matched to current 50 academic staff whitelist"
2023,2-s2.0-85179715543,"Myrmecridium hydei, a novel marine species from Thailand",Phytotaxa,10.11646/PHYTOTAXA.625.3.3,Asghari R.,Mae Fah Luang University,8,Article,"In affiliation-wide Scopus query, but not matched to current 50 academic staff whitelist"
2023,2-s2.0-85152458686,"Geastrum suae sp. nov. (Geastraceae, Basidiomycota) a new species from Yunnan Province, China",Biodiversity Data Journal,10.3897/BDJ.11.E99027,Zhang Z.Q.,Dali University,5,Article,"In affiliation-wide Scopus query, but not matched to current 50 academic staff whitelist"
2023,2-s2.0-85171756016,"Four new additions to Helvella (Helvellaceae, Pezizales) from Northern Thailand",Frontiers in Microbiology,10.3389/fmicb.2023.1182025,Yu F.M.,Kunming Institute of Botany; Yunnan Agricultural University; Mae Fah Luang University,13,Article,"In affiliation-wide Scopus query, but not matched to current 50 academic staff whitelist"
2023,2-s2.0-85152429911,"Bambusicolous fungi in Guangdong, China: establishing Apiospora magnispora sp. nov. (Apiosporaceae, Amphisphaeriales) based on morphological and molecular evidence",Current Research in Environmental and Applied Mycology,10.5943/CREAM/13/1/1,Zhao H.J.,Zhongkai University of Agriculture and Engineering; Mae Fah Luang University,9,Article,"In affiliation-wide Scopus query, but not matched to current 50 academic staff whitelist"
2023,2-s2.0-85164444965,"Neomassaria khayae sp. nov., a novel pleosporalean species on Khaya senegalensis from Guangdong Province, China",Phytotaxa,10.11646/phytotaxa.599.1.4,Yang Y.,Zhongkai University of Agriculture and Engineering; Mae Fah Luang University,2,Article,"In affiliation-wide Scopus query, but not matched to current 50 academic staff whitelist"
2023,2-s2.0-85159569472,"Rhexoacrodictys melanospora sp. nov. (Rhexoacrodictys, Pleurotheciales) from Yunnan, China",Phytotaxa,10.11646/phytotaxa.594.3.5,Bao S.X.,Kunming Institute of Botany; Mae Fah Luang University,9,Article,"In affiliation-wide Scopus query, but not matched to current 50 academic staff whitelist"
2023,2-s2.0-85199238118,Diversity of Fungal Communities Associated with Grapevine Trunk Diseases in China,Mycosphere,10.5943/mycosphere/14/1/15,Zhou Y.Y.,Beijing Academy of Agriculture and Forestry Sciences; Mae Fah Luang University,17,Article,"In affiliation-wide Scopus query, but not matched to current 50 academic staff whitelist"
2023,2-s2.0-85141971134,Resistance of Blastocystis to chlorine and hydrogen peroxide,Parasitology Research,10.1007/s00436-022-07713-2,Martín-Escolano R.,University of Kent,11,Article,"In affiliation-wide Scopus query, but not matched to current 50 academic staff whitelist"
2023,2-s2.0-85171645706,"Discovery of Backusella paraconstricta sp. nov. (Mucorales, Mucoromycota) in an upland forest in northeastern Brazil with an identification key for Backusella from the Americas",Acta Botanica Brasilica,10.1590/1677-941X-ABB-2023-0061,Dos Santos F.R.S.,Universidade Federal de Pernambuco,3,Article,"In affiliation-wide Scopus query, but not matched to current 50 academic staff whitelist"
2023,2-s2.0-85169293018,Development of a novel quality control indicator for coffee roasting based on the digitalization of smell by a portable electronic nose,Proceedings of Jcsse 2023 20th International Joint Conference on Computer Science and Software Engineering,10.1109/JCSSE58229.2023.10201962,Somaudon V.,"Faculty of Science, Mahidol University",1,Conference Paper,"In affiliation-wide Scopus query, but not matched to current 50 academic staff whitelist"
2023,2-s2.0-85134574250,Comparative genomic analysis illustrates evolutionary dynamics of multisubunit tethering complexes across green algal diversity,Journal of Eukaryotic Microbiology,10.1111/jeu.12935,Phanprasert Y.,Mae Fah Luang University,3,Article,"In affiliation-wide Scopus query, but not matched to current 50 academic staff whitelist"
2023,2-s2.0-85156095234,"Ascopolyporus tibetensis (Cordycipitaceae, Hypocreales): A new species from Tibet, China",Phytotaxa,10.11646/phytotaxa.592.2.2,Yu F.M.,Kunming Institute of Botany; Mae Fah Luang University,2,Article,"In affiliation-wide Scopus query, but not matched to current 50 academic staff whitelist"
2023,2-s2.0-85166174277,Endophytic fungus Biscogniauxia petrensis produces antibacterial substances,Peerj,10.7717/peerj.15461,Han L.,Guizhou University,10,Article,"In affiliation-wide Scopus query, but not matched to current 50 academic staff whitelist"
2023,2-s2.0-85142490009,A portable colorimetric device based on PVDF indicator gel for formaldehyde detection in food and wood products,Microchemical Journal,10.1016/j.microc.2022.108162,Kaewnu K.,Prince of Songkla University,12,Article,"In affiliation-wide Scopus query, but not matched to current 50 academic staff whitelist"
2023,2-s2.0-85164370350,"Parafuscosporella lignicola sp. Nov. (Fuscosporellaceae), from a freshwater habitat in northern Thailand",Phytotaxa,10.11646/phytotaxa.597.2.4,Lu L.,Chiang Mai University; Kunming Institute of Botany,5,Article,"In affiliation-wide Scopus query, but not matched to current 50 academic staff whitelist"
2023,2-s2.0-85164600812,"A new species of Papiliomyces (Clavicipiteae, Hypocreales) from China",Biodiversity Data Journal,10.3897/BDJ.11.E86868,Zhang Y.,Guizhou University,7,Article,"In affiliation-wide Scopus query, but not matched to current 50 academic staff whitelist"
2023,2-s2.0-85145873660,Enhanced electrical and energy storage properties of BNT-based ceramics by the nanocrystals-induced method,Journal of Materials Science Materials in Electronics,10.1007/s10854-022-09443-8,Parjansri P.,Rajamangala University of Technology Krungthep,6,Article,"In affiliation-wide Scopus query, but not matched to current 50 academic staff whitelist"
2023,2-s2.0-85199979416,"Two new species in Neomyrmecridium and two new records in Myrmecridium (Myrmecridiaceae, Myrmecridiales) from the Tibetan Plateau, China",Current Research in Environmental and Applied Mycology,10.5943/CREAM/13/1/18,Xu R.J.,Kunming Institute of Botany; Mae Fah Luang University,10,Article,"In affiliation-wide Scopus query, but not matched to current 50 academic staff whitelist"
2023,2-s2.0-85161949683,"Morphological and molecular analyses reveal two new species of Termitomyces (Agaricales, Lyophyllaceae) and morphological variability of T. intermedius",Mycokeys,10.3897/mycokeys.95.97156,Tang S.M.,Mae Fah Luang University; Dali University; Yunnan Agricultural Academy,12,Article,"In affiliation-wide Scopus query, but not matched to current 50 academic staff whitelist"
2023,2-s2.0-85175082097,"https://soilfun.org/, a web-based platform for soil-inhabiting Ascomycota species",Studies in Fungi,10.48130/SIF-2023-0016,Yasanthika W.A.E.,Zhongkai University of Agriculture and Engineering; Mae Fah Luang University,5,Article,"In affiliation-wide Scopus query, but not matched to current 50 academic staff whitelist"
2023,2-s2.0-85169567974,Two new lanostanoid glycosides isolated from a Kenyan polypore Fomitopsis carnea,Beilstein Journal of Organic Chemistry,10.3762/bjoc.19.84,Sum W.C.,Technische Universität Braunschweig; Helmholtz Centre for Infection Research (HZI),4,Article,"In affiliation-wide Scopus query, but not matched to current 50 academic staff whitelist"
2023,2-s2.0-105018179821,From Ghana to the dry-hot valleys of China: assessing factors influencing fruit yield in agroforestry species Vitellaria paradoxa after 54 years of cultivation outside Africa,Circular Agricultural Systems,10.48130/CAS-2023-0007,Zhao G.,Kunming Institute of Botany; Xishuangbanna Tropical Botanical Garden Chinese Academy of Sciences,1,Article,"In affiliation-wide Scopus query, but not matched to current 50 academic staff whitelist"
2023,2-s2.0-85163035354,"Culturable mycota on bats in central and southern Yunnan Province, China",Mycosphere,10.5943/mycosphere/14/1/7,Liu X.F.,Kunming Institute of Botany; Mae Fah Luang University; Qujing Normal University,42,Article,"In affiliation-wide Scopus query, but not matched to current 50 academic staff whitelist"
2023,2-s2.0-85147334939,"Alternaria: update on species limits, evolution, multi-locus phylogeny, and classification",Studies in Fungi,10.48130/SIF-2023-0001,Li J.F.,Kunming Institute of Botany,72,Article,"In affiliation-wide Scopus query, but not matched to current 50 academic staff whitelist"
2023,2-s2.0-85146760463,Endophytic Fungi Associated with Mango Show In Vitro Antagonism against Bacterial and Fungal Pathogens,Agronomy,10.3390/agronomy13010169,Yang E.F.,Chiang Mai University; Mae Fah Luang University; Qujing Normal University,14,Article,"In affiliation-wide Scopus query, but not matched to current 50 academic staff whitelist"
2023,2-s2.0-85146775084,Identification and Molecular Characterization of Four New Blastocystis Subtypes Designated ST35-ST38,Microorganisms,10.3390/microorganisms11010046,Maloney J.G.,USDA ARS Beltsville Agricultural Research Center,76,Article,"In affiliation-wide Scopus query, but not matched to current 50 academic staff whitelist"
2022,2-s2.0-85144922673,Neodeightonia septata sp. nov. and N. subglobosa (Botryosphaeriaceae) from northern Thailand,Phytotaxa,10.11646/phytotaxa.575.2.2,Wu N.,University of Electronic Science and Technology of China; Mae Fah Luang University,5,Article,"In affiliation-wide Scopus query, but not matched to current 50 academic staff whitelist"
2022,2-s2.0-85144655039,"Two New Species and a New Record of Microdochium from Grasses in Yunnan Province, South-West China",Journal of Fungi,10.3390/jof8121297,Gao Y.,Kunming Institute of Botany; Mae Fah Luang University,14,Article,"In affiliation-wide Scopus query, but not matched to current 50 academic staff whitelist"
2022,2-s2.0-85143903038,"The plethora of Tubeufiaceae in lakes of the northwestern Yunnan plateau, China",Frontiers in Microbiology,10.3389/fmicb.2022.1056669,Li L.L.,Dali University,22,Article,"In affiliation-wide Scopus query, but not matched to current 50 academic staff whitelist"
2022,2-s2.0-85149546681,Multi-Gene Phylogenetic Analyses Revealed Five New Species and Two New Records of Distoseptisporales from China,Journal of Fungi,10.3390/jof8111202,Ma J.,Mae Fah Luang University; Guizhou Institute of Technology; Guizhou Academy of Agricultural Sciences,27,Article,"In affiliation-wide Scopus query, but not matched to current 50 academic staff whitelist"
2022,2-s2.0-85149555659,Novel Species and Records of Dictyosporiaceae from Freshwater Habitats in China and Thailand,Journal of Fungi,10.3390/jof8111200,Shen H.,Mae Fah Luang University; Dali University,32,Article,"In affiliation-wide Scopus query, but not matched to current 50 academic staff whitelist"
2022,2-s2.0-85149454879,Endophytic Fungi Associated with Aquilaria sinensis (Agarwood) from China Show Antagonism against Bacterial and Fungal Pathogens,Journal of Fungi,10.3390/jof8111197,Du T.Y.,Mae Fah Luang University; Qujing Normal University,26,Article,"In affiliation-wide Scopus query, but not matched to current 50 academic staff whitelist"
2022,2-s2.0-85141961561,"Three species of Amanita section Lepidella (Amanitaceae, Agaricales) from northern Thailand",Phytotaxa,10.11646/phytotaxa.570.1.2,Liu Y.S.,Chiang Mai University,7,Article,"In affiliation-wide Scopus query, but not matched to current 50 academic staff whitelist"
2022,2-s2.0-85141192309,"Endophytic Pestalotiopsis species associated with Rhododendron in Cangshan Mountain, Yunnan Province, China",Frontiers in Microbiology,10.3389/fmicb.2022.1016782,Gu R.,Dali University,25,Article,"In affiliation-wide Scopus query, but not matched to current 50 academic staff whitelist"
2022,2-s2.0-85140773797,Morphological and Molecular Characterization of Calonectria foliicola Associated with Leaf Blight on Rubber Tree (Hevea brasiliensis) in Thailand,Journal of Fungi,10.3390/jof8100986,Thaochan N.,Prince of Songkla University,16,Article,"In affiliation-wide Scopus query, but not matched to current 50 academic staff whitelist"
2022,2-s2.0-85141995124,"Phallus aureus sp. nov. (Phallaceae, Basidiomycota) from Yunnan Province, China",Phytotaxa,10.11646/phytotaxa.567.1.5,Lv T.,Yunnan University; Yunnan Agricultural Academy,2,Article,"In affiliation-wide Scopus query, but not matched to current 50 academic staff whitelist"
2022,2-s2.0-85141983407,Two new species of Botryosphaeriaceae (Botryosphaeriales) and new host/ geographical records,Phytotaxa,10.11646/phytotaxa.564.1.2,RATHNAYAKA A.R.,National Chiayi University; Mae Fah Luang University,17,Article,"In affiliation-wide Scopus query, but not matched to current 50 academic staff whitelist"
2022,2-s2.0-85141956579,"Diplocarpa constans sp. nov., a new species of Cordieritidaceae from Yunnan, China",Phytotaxa,10.11646/phytotaxa.561.1.7,Su H.,Kunming Institute of Botany; Mae Fah Luang University,8,Article,"In affiliation-wide Scopus query, but not matched to current 50 academic staff whitelist"
2022,2-s2.0-85137791199,"An NmrA-Like Protein, Lws1, Is Important for Pathogenesis in the Woody Plant Pathogen Lasiodiplodia theobromae",Plants,10.3390/plants11172197,Peng J.,Beijing Academy of Agriculture and Forestry Sciences,8,Article,"In affiliation-wide Scopus query, but not matched to current 50 academic staff whitelist"
2022,2-s2.0-85138884360,"Research Article Lactarius pseudoaurantiozonatus (Russulales), A New Species of Lactarius subgenus Lactarius from China",Chiang Mai Journal of Science,10.12982/CMJS.2022.080,Tang S.M.,Mae Fah Luang University; Yunnan Agricultural Academy,3,Article,"In affiliation-wide Scopus query, but not matched to current 50 academic staff whitelist"
2022,2-s2.0-85131399586,Response strategies of woody seedlings to shading and watering over time after topsoil translocation in dry-hot karst region of China,Forest Ecology and Management,10.1016/j.foreco.2022.120319,Zhao G.,Kunming Institute of Botany; Xishuangbanna Tropical Botanical Garden Chinese Academy of Sciences,6,Article,"In affiliation-wide Scopus query, but not matched to current 50 academic staff whitelist"
2022,2-s2.0-85141964844,"Helvella cystidiata sp. nov. (Helvellaceae, Ascomycota) from Tibetan Plateau, China",Phytotaxa,10.11646/phytotaxa.560.1.6,Xu R.J.,Kunming Institute of Botany; Mae Fah Luang University,10,Article,"In affiliation-wide Scopus query, but not matched to current 50 academic staff whitelist"
2022,2-s2.0-85142077833,"Morpho-phylogenetic insights reveal Bisporella montana as Calycina montana comb. nov. (Pezizellaceae, Helotiales)",Phytotaxa,10.11646/PHYTOTAXA.558.2.3,Lestari A.S.,Mae Fah Luang University; Organisasi Riset Ilmu Pengetahuan Hayati,5,Article,"In affiliation-wide Scopus query, but not matched to current 50 academic staff whitelist"
2022,2-s2.0-85138157605,A microplate spectrophotometric method for analysis of indole-3-carbinol in dietary supplements using p-dimethylaminocinnamaldehyde (DMACA) as a chromogenic reagent,Analytical Methods,10.1039/d2ay01129h,Chaisiwamongkhol K.,Mae Fah Luang University,5,Article,"In affiliation-wide Scopus query, but not matched to current 50 academic staff whitelist"
2022,2-s2.0-85141978916,Additions to microfungi in China: Lentithecium yunnanensis sp. nov.,Phytotaxa,10.11646/phytotaxa.554.2.1,Wenhua L.U.,Qujing Normal University,3,Article,"In affiliation-wide Scopus query, but not matched to current 50 academic staff whitelist"
2022,2-s2.0-85141996904,"Morphological and phylogenetic evidence reveal Tetraploa cylindrica sp. nov. (Tetraplosphaeriaceae, Pleosporales) from Saccharum arundinaceum (Poaceae) in Yunnan Province, China",Phytotaxa,10.11646/phytotaxa.554.2.7,Liao C.F.,Zhongkai University of Agriculture and Engineering; Mae Fah Luang University,8,Article,"In affiliation-wide Scopus query, but not matched to current 50 academic staff whitelist"
2022,2-s2.0-85133343681,New Arthrobotrys Nematode-Trapping Species (Orbiliaceae) from Terrestrial Soils and Freshwater Sediments in China,Journal of Fungi,10.3390/jof8070671,Zhang F.,Mae Fah Luang University; Dali University,29,Article,"In affiliation-wide Scopus query, but not matched to current 50 academic staff whitelist"
2022,2-s2.0-85132328774,A stir bar sorptive extraction device coupled with a gas chromatography flame ionization detector for the determination of abused prescription drugs in lean cocktail samples,Analytical Methods,10.1039/d2ay00603k,Nualdee K.,Prince of Songkla University,5,Article,"In affiliation-wide Scopus query, but not matched to current 50 academic staff whitelist"
2022,2-s2.0-85132588580,Morphological and Phylogenetic Analyses Reveal Five New Species in Chaetosphaeriaceae,Journal of Fungi,10.3390/jof8060643,Zhang J.Y.,Mae Fah Luang University; Guizhou Institute of Technology; Guizhou Academy of Agricultural Sciences,21,Article,"In affiliation-wide Scopus query, but not matched to current 50 academic staff whitelist"
2022,2-s2.0-85132406468,Bambusicolous Fungi in Pleosporales: Introducing Four Novel Taxa and a New Habitat Record for Anastomitrabeculia didymospora,Journal of Fungi,10.3390/jof8060630,Phookamsak R.,Kunming Institute of Botany; Mae Fah Luang University; World Agroforestry Centre,41,Article,"In affiliation-wide Scopus query, but not matched to current 50 academic staff whitelist"
2022,2-s2.0-85143391718,"Additions to Fitzroyomyces (Stictidaceae, Ascomycota) from Yunnan Province, China",Phytotaxa,10.11646/phytotaxa.548.2.8,Xu R.,Mae Fah Luang University; Qujing Normal University,10,Article,"In affiliation-wide Scopus query, but not matched to current 50 academic staff whitelist"
2022,2-s2.0-85131793468,"First Report of Occultibambusa jonesii on Para Grass (Brachiaria mutica) in Yunnan, China",Chiang Mai Journal of Science,10.12982/CMJS.2022.048,Xu S.,Chiang Mai University; Kunming Institute of Botany,6,Article,"In affiliation-wide Scopus query, but not matched to current 50 academic staff whitelist"
2022,2-s2.0-85129703866,Ectomycorrhizal Mushrooms as a Natural Bio-Indicator for Assessment of Heavy Metal Pollution,Agronomy,10.3390/agronomy12051041,Ediriweera A.N.,Kunming Institute of Botany; Mae Fah Luang University; University of Ruhuna; World Agroforestry Centre,26,Review,"In affiliation-wide Scopus query, but not matched to current 50 academic staff whitelist"
2022,2-s2.0-85142543252,Two new Pseudopestalotiopsis species isolated from Celtis sinensis and Indocalamus tessellatus plants in southern China,Phytotaxa,10.11646/phytotaxa.543.5.2,Yang Q.,Guizhou University,3,Article,"In affiliation-wide Scopus query, but not matched to current 50 academic staff whitelist"
2022,2-s2.0-85124779967,"Xylaria feejeensis, SRNE2BP a Fungal Endophyte with Biocontrol Properties to Control Early Blight and Fusarium Wilt Disease in Tomato and Plant Growth Promotion Activity",Current Microbiology,10.1007/s00284-022-02803-x,Brooks S.,Mae Fah Luang University,29,Article,"In affiliation-wide Scopus query, but not matched to current 50 academic staff whitelist"
2022,2-s2.0-85125315804,High Occurrence of Zoonotic Subtypes of Cryptosporidium parvum in Cypriot Dairy Farms,Microorganisms,10.3390/microorganisms10030531,Hoque S.,University of Kent,12,Article,"In affiliation-wide Scopus query, but not matched to current 50 academic staff whitelist"
2022,2-s2.0-85126637251,"Rubinosporus auriporus gen. et sp. nov. (Boletaceae: Xerocomoideae) from Tropical Forests of Thailand, Producing Unusual Dark Ruby Spore Deposits",Journal of Fungi,10.3390/jof8030278,Vadthanarat S.,Chiang Mai University; Mae Fah Luang University,12,Article,"In affiliation-wide Scopus query, but not matched to current 50 academic staff whitelist"
2022,2-s2.0-85128916720,Multigene Phylogeny Reveals Endophytic Xylariales Novelties from Dendrobium Species from Southwestern China and Northern Thailand,Journal of Fungi,10.3390/jof8030248,Ma X.,Guizhou University; Mae Fah Luang University,20,Article,"In affiliation-wide Scopus query, but not matched to current 50 academic staff whitelist"
2022,2-s2.0-85126852941,Diversity and Biosynthetic Activities of Agarwood Associated Fungi,Diversity,10.3390/d14030211,Du T.Y.,Mae Fah Luang University; Qujing Normal University,35,Review,"In affiliation-wide Scopus query, but not matched to current 50 academic staff whitelist"
2022,2-s2.0-85125952408,Taxonomic Reappraisal of Periconiaceae with the Description of Three New Periconia Species from China,Journal of Fungi,10.3390/jof8030243,Yang E.F.,Chiang Mai University; Kunming Institute of Botany; Qujing Normal University,34,Article,"In affiliation-wide Scopus query, but not matched to current 50 academic staff whitelist"
2022,2-s2.0-85128594426,Necessity of a National Fungarium and a Culture Collection for Fungi in Sri Lanka,Chiang Mai Journal of Science,10.12982/CMJS.2022.027,Wijayawardene N.N.,Qujing Normal University; Institute for Research and Development in Health and Social Care,6,Review,"In affiliation-wide Scopus query, but not matched to current 50 academic staff whitelist"
2022,2-s2.0-85123553630,"APPLICATION OF COMBINED ANALYSIS WITH BIPLOT METHOD FOR EXPLAINING AGRONOMIC TRAITS OF THE UPLAND RICE FROM MINORITY FARMERS IN PRACHUAP KHIRI KHAN, THAILAND",Journal of Animal and Plant Sciences,10.36899/JAPS.2022.1.0406,Na Chiangmai P.,Silpakorn University,0,Article,"In affiliation-wide Scopus query, but not matched to current 50 academic staff whitelist"
2022,2-s2.0-85125039344,"Three New Species, Two New Records and Four New Collections of Tubeufiaceae from Thailand and China",Journal of Fungi,10.3390/jof8020206,Tian X.,Kunming Institute of Botany; Mae Fah Luang University; Guizhou Institute of Technology; Qujing Normal University,31,Article,"In affiliation-wide Scopus query, but not matched to current 50 academic staff whitelist"
2022,2-s2.0-85123765395,"Morpho-Molecular Characterization of Five Novel Taxa in Parabambusicolaceae (Massarineae, Pleosporales) from Yunnan, China",Journal of Fungi,10.3390/jof8020108,Xie N.,Shenzhen University,22,Article,"In affiliation-wide Scopus query, but not matched to current 50 academic staff whitelist"
2022,2-s2.0-85141942664,"New species, Parahelicomyces yunnanensis sp. nov. and Tubeufia nigroseptum sp. nov. from freshwater habitats in Yunnan, China",Phytotaxa,10.11646/phytotaxa.530.1.2,Li L.L.,Dali University,9,Article,"In affiliation-wide Scopus query, but not matched to current 50 academic staff whitelist"
2022,2-s2.0-85166261299,"Taxonomy and phylogenetic appraisal of Hypomyces iranica sp. nov. (Hypocreaceae, Hypocreales)",Asian Journal of Mycology,10.5943/ajom/5/2/8,Karimi O.,Mae Fah Luang University,5,Article,"In affiliation-wide Scopus query, but not matched to current 50 academic staff whitelist"
2022,2-s2.0-85166247009,The Role of Fungi in Weed Biocontrol: A Review,Asian Journal of Mycology,10.5943/ajom/5/2/4,Htet Z.H.,Zhongkai University of Agriculture and Engineering; Mae Fah Luang University,2,Article,"In affiliation-wide Scopus query, but not matched to current 50 academic staff whitelist"
2022,2-s2.0-85146526093,"Morphology and multigene phylogeny revealed Peroneutypa aquilariae sp. nov. (Diatrypaceae, Xylariales) from Aquilaria sinensis in Yunnan Province, China",Studies in Fungi,10.48130/SIF-2022-0018,Du T.Y.,Mae Fah Luang University; Qujing Normal University,15,Article,"In affiliation-wide Scopus query, but not matched to current 50 academic staff whitelist"
2022,2-s2.0-85129136234,"Lignicolous freshwater fungi in Yunnan Province, China: an overview",Mycology,10.1080/21501203.2022.2058638,Shen H.W.,Mae Fah Luang University; Dali University,56,Article,"In affiliation-wide Scopus query, but not matched to current 50 academic staff whitelist"
2022,2-s2.0-85147681022,"Morphology and muti-gene phylogenetic analyses reveal Dothiorella chiangmaiensis sp. nov. (Botryosphaeriaceae, Botryosphaeriales) from Thailand",Current Research in Environmental and Applied Mycology,10.5943/CREAM/12/1/19,Rathnayaka A.R.,National Chiayi University; Mae Fah Luang University,5,Article,"In affiliation-wide Scopus query, but not matched to current 50 academic staff whitelist"
2022,2-s2.0-85133243201,The complete mitochondrial genome of Polyozellus multiplex (Thelephorales),Mitochondrial DNA Part B Resources,10.1080/23802359.2022.2086077,Liu J.W.,Kunming Institute of Botany; Mae Fah Luang University,1,Article,"In affiliation-wide Scopus query, but not matched to current 50 academic staff whitelist"
2022,2-s2.0-85125377724,"Neomonodictys aquatica sp. nov. (Pleurotheciaceae) from a plateau lake in Yunnan Province, China",Biodiversity Data Journal,10.3897/BDJ.10.e76842,Huang S.P.,Dali University,9,Article,"In affiliation-wide Scopus query, but not matched to current 50 academic staff whitelist"
2022,2-s2.0-85166252738,New soil-inhabiting Chaetosphaeriaceous records from Thailand,Asian Journal of Mycology,10.5943/ajom/5/1/2,Yasanthika E.,Zhongkai University of Agriculture and Engineering; Mae Fah Luang University,3,Article,"In affiliation-wide Scopus query, but not matched to current 50 academic staff whitelist"
2022,2-s2.0-85135852671,"Taxonomy and phylogeny of Smaragdiniseta musae sp. nov. and Albifimbria verrucaria (Hypocreales, Stachybotryaceae) on Musa from Thailand",Biodiversity Data Journal,10.3897/BDJ.10.e89360,Samarakoon B.C.,Mae Fah Luang University,5,Article,"In affiliation-wide Scopus query, but not matched to current 50 academic staff whitelist"
2022,2-s2.0-85144988172,A new edible species of Gomphus (Gomphaceae) from southwestern China,Mycoscience,10.47371/mycosci.2022.09.002,Liu J.W.,Kunming Institute of Botany; Mae Fah Luang University,11,Article,"In affiliation-wide Scopus query, but not matched to current 50 academic staff whitelist"
2022,2-s2.0-85141774551,The importance of culture-based techniques in the genomic era for assessing the taxonomy and diversity of soil fungi,Mycosphere,10.5943/mycosphere/13/1/8,Yasanthika W.A.E.,Zhongkai University of Agriculture and Engineering; Mae Fah Luang University,24,Article,"In affiliation-wide Scopus query, but not matched to current 50 academic staff whitelist"
2022,2-s2.0-85147899932,"Drechslerella daliensis and D. xiaguanensis (Orbiliales, Orbiliaceae), two new nematodetrapping fungi from Yunnan, China",Biodiversity Data Journal,10.3897/BDJ.10.E96642,Zhang F.,Mae Fah Luang University; Dali University,7,Article,"In affiliation-wide Scopus query, but not matched to current 50 academic staff whitelist"
2022,2-s2.0-85150972100,"Two novel species of Lachnaceae (Helotiales, Leotiomycetes) from southwestern China",Current Research in Environmental and Applied Mycology,10.5943/CREAM/12/1/20,Li C.J.Y.,Kunming Institute of Botany; Southwest Forestry University; Mae Fah Luang University,9,Article,"In affiliation-wide Scopus query, but not matched to current 50 academic staff whitelist"
2022,2-s2.0-85131755222,Assessing Population Genetic Status for Designing Plant Translocations,Frontiers in Conservation Science,10.3389/fcosc.2022.829332,Van Rossum F.,Botanic Garden Meise; Fédération Wallonie-Bruxelles,16,Article,"In affiliation-wide Scopus query, but not matched to current 50 academic staff whitelist"
2022,2-s2.0-85147692367,Pestalotioid species associated with palm species from Southern China,Current Research in Environmental and Applied Mycology,10.5943/CREAM/12/1/18,Xiong Y.R.,Zhongkai University of Agriculture and Engineering; Mae Fah Luang University,17,Article,"In affiliation-wide Scopus query, but not matched to current 50 academic staff whitelist"
