staffName,department,academicGroup,staffFirstName,staffLastName,scopusAuthorId,recommended,matchConfidence,matchScore,matchReason,scopusPreferredSurname,scopusPreferredGivenName,scopusInitials,documentCount,currentAffiliationId,currentAffiliationName,currentAffiliationCity,currentAffiliationCountry,orcid,subjectAreas,scopusAuthorUrl,apiQueriesUsed,note
Prof. Dr. Surat Laphookhieo,Chemistry,Chemistry,Surat,Laphookhieo,6506733925,yes,high,16,surname exact; given name exact; current affiliation Mae Fah Luang University; current affiliation country Thailand,Laphookhieo,Surat,S.,170,60020524,Mae Fah Luang University,Chiang Rai,Thailand,[0000-0002-4757-2781],"Agricultural and Biological Sciences (all); Pharmacology, Toxicology and Pharmaceutics (all); Pharmacology, Toxicology and Pharmaceutics (all)",https://api.elsevier.com/content/author/author_id/6506733925,"name_exact: AUTHLASTNAME(Laphookhieo) AND AUTHFIRST(Surat) | mfu_affiliation: AUTHLASTNAME(Laphookhieo) AND AFFIL(""Mae Fah Luang University"")",
Assoc. Prof. Dr. Orawan Suwantong,Chemistry,Chemistry,Orawan,Suwantong,14827258700,yes,high,16,surname exact; given name exact; current affiliation Mae Fah Luang University; current affiliation country Thailand,Suwantong,Orawan,O.,73,60020524,Mae Fah Luang University,Chiang Rai,Thailand,[0000-0003-2680-7390],Materials Science (all); Materials Science (all); Chemistry (all),https://api.elsevier.com/content/author/author_id/14827258700,"name_exact: AUTHLASTNAME(Suwantong) AND AUTHFIRST(Orawan) | mfu_affiliation: AUTHLASTNAME(Suwantong) AND AFFIL(""Mae Fah Luang University"")",
Assoc. Prof. Dr. Patcharee Pripdeevech,Chemistry,Chemistry,Patcharee,Pripdeevech,15049780900,yes,high,16,surname exact; given name exact; current affiliation Mae Fah Luang University; current affiliation country Thailand,Pripdeevech,Patcharee,P.,71,60020524,Mae Fah Luang University,Chiang Rai,Thailand,,"Medicine (all); Agricultural and Biological Sciences (all); Pharmacology, Toxicology and Pharmaceutics (all)",https://api.elsevier.com/content/author/author_id/15049780900,"name_exact: AUTHLASTNAME(Pripdeevech) AND AUTHFIRST(Patcharee) | mfu_affiliation: AUTHLASTNAME(Pripdeevech) AND AFFIL(""Mae Fah Luang University"")",
Asst. Prof. Dr. Acharavadee Pansanit,Chemistry,Chemistry,Acharavadee,Pansanit,35520010800,yes,high,16,surname exact; given name exact; current affiliation Mae Fah Luang University; current affiliation country Thailand,Pansanit,Acharavadee,A.,14,60020524,Mae Fah Luang University,Chiang Rai,Thailand,[0000-0001-8358-4889],"Pharmacology, Toxicology and Pharmaceutics (all); Medicine (all); Pharmacology, Toxicology and Pharmaceutics (all)",https://api.elsevier.com/content/author/author_id/35520010800,"name_exact: AUTHLASTNAME(Pansanit) AND AUTHFIRST(Acharavadee) | mfu_affiliation: AUTHLASTNAME(Pansanit) AND AFFIL(""Mae Fah Luang University"")",
Asst. Prof. Dr. Chuleeporn Thanomsilp,Chemistry,Chemistry,Chuleeporn,Thanomsilp,8588724600,yes,high,16,surname exact; given name exact; current affiliation Mae Fah Luang University; current affiliation country Thailand,Thanomsilp,Chuleeporn,C.,16,60020524,Mae Fah Luang University,Chiang Rai,Thailand,,Engineering (all); Materials Science (all); Materials Science (all),https://api.elsevier.com/content/author/author_id/8588724600,"name_exact: AUTHLASTNAME(Thanomsilp) AND AUTHFIRST(Chuleeporn) | mfu_affiliation: AUTHLASTNAME(Thanomsilp) AND AFFIL(""Mae Fah Luang University"")",
Asst. Prof. Dr. Kanchana Watla-iad,Chemistry,Chemistry,Kanchana,Watla-iad,35079683100,yes,high,16,surname exact; given name exact; current affiliation Mae Fah Luang University; current affiliation country Thailand,Watla-iad,Kanchana,K.,14,60020524,Mae Fah Luang University,Chiang Rai,Thailand,[0000-0003-4972-1215],Multidisciplinary; Materials Science (all); Chemistry (all),https://api.elsevier.com/content/author/author_id/35079683100,"name_exact: AUTHLASTNAME(Watla-iad) AND AUTHFIRST(Kanchana) | mfu_affiliation: AUTHLASTNAME(Watla-iad) AND AFFIL(""Mae Fah Luang University"")",
Asst. Prof. Dr. Patchara Punyamoonwongsa,Chemistry,Chemistry,Patchara,Punyamoonwongsa,55212185200,yes,high,16,surname exact; given name exact; current affiliation Mae Fah Luang University; current affiliation country Thailand,Punyamoonwongsa,Patchara,P.,19,60020524,Mae Fah Luang University,Chiang Rai,Thailand,,Materials Science (all); Materials Science (all); Chemistry (all),https://api.elsevier.com/content/author/author_id/55212185200,"name_exact: AUTHLASTNAME(Punyamoonwongsa) AND AUTHFIRST(Patchara) | mfu_affiliation: AUTHLASTNAME(Punyamoonwongsa) AND AFFIL(""Mae Fah Luang University"")",
Asst. Prof. Dr. Patcharanan Choto,Chemistry,Chemistry,Patcharanan,Choto,16204793100,yes,high,16,surname exact; given name exact; current affiliation Mae Fah Luang University; current affiliation country Thailand,Choto,Patcharanan,P.,11,60020524,Mae Fah Luang University,Chiang Rai,Thailand,,Chemistry (all); Computer Science (all); Computer Science (all),https://api.elsevier.com/content/author/author_id/16204793100,"name_exact: AUTHLASTNAME(Choto) AND AUTHFIRST(Patcharanan) | mfu_affiliation: AUTHLASTNAME(Choto) AND AFFIL(""Mae Fah Luang University"")",
Asst. Prof. Dr. Phunrawie Promnart,Chemistry,Chemistry,Phunrawie,Promnart,57213722867,yes,high,16,surname exact; given name exact; current affiliation Mae Fah Luang University; current affiliation country Thailand,Promnart,Phunrawie,P.,11,60020524,Mae Fah Luang University,Chiang Rai,Thailand,,"Medicine (all); Biochemistry, Genetics and Molecular Biology (all); Multidisciplinary",https://api.elsevier.com/content/author/author_id/57213722867,"name_exact: AUTHLASTNAME(Promnart) AND AUTHFIRST(Phunrawie) | mfu_affiliation: AUTHLASTNAME(Promnart) AND AFFIL(""Mae Fah Luang University"")",
Asst. Prof. Dr. Suwanna Deachathai,Chemistry,Chemistry,Suwanna,Deachathai,8859653900,yes,high,16,surname exact; given name exact; current affiliation Mae Fah Luang University; current affiliation country Thailand,Deachathai,Suwanna,S.,27,60020524,Mae Fah Luang University,Chiang Rai,Thailand,,"Chemistry (all); Biochemistry, Genetics and Molecular Biology (all); Agricultural and Biological Sciences (all)",https://api.elsevier.com/content/author/author_id/8859653900,"name_exact: AUTHLASTNAME(Deachathai) AND AUTHFIRST(Suwanna) | mfu_affiliation: AUTHLASTNAME(Deachathai) AND AFFIL(""Mae Fah Luang University"")",
Asst. Prof. Dr. Tharakorn Maneerat,Chemistry,Chemistry,Tharakorn,Maneerat,57221051354,yes,high,16,surname exact; given name exact; current affiliation Mae Fah Luang University; current affiliation country Thailand,Maneerat,Tharakorn,T.,33,60020524,Mae Fah Luang University,Chiang Rai,Thailand,[0000-0001-8635-7382],"Agricultural and Biological Sciences (all); Medicine (all); Biochemistry, Genetics and Molecular Biology (all)",https://api.elsevier.com/content/author/author_id/57221051354,"name_exact: AUTHLASTNAME(Maneerat) AND AUTHFIRST(Tharakorn) | mfu_affiliation: AUTHLASTNAME(Maneerat) AND AFFIL(""Mae Fah Luang University"")",
Asst. Prof. Dr. Thitipone Suwunwong,Chemistry,Chemistry,Thitipone,Suwunwong,25957731300,yes,high,16,surname exact; given name exact; current affiliation Mae Fah Luang University; current affiliation country Thailand,Suwunwong,Thitipone,T.,54,60020524,Mae Fah Luang University,Chiang Rai,Thailand,,Chemistry (all); Physics and Astronomy (all); Materials Science (all),https://api.elsevier.com/content/author/author_id/25957731300,"name_exact: AUTHLASTNAME(Suwunwong) AND AUTHFIRST(Thitipone) | mfu_affiliation: AUTHLASTNAME(Suwunwong) AND AFFIL(""Mae Fah Luang University"")",
Ajarn Dr. Prachak Inkaew,Chemistry,Chemistry,Prachak,Inkaew,23110772300,yes,high,16,surname exact; given name exact; current affiliation Mae Fah Luang University; current affiliation country Thailand,Inkaew,Prachak,P.,10,60020524,Mae Fah Luang University,Chiang Rai,Thailand,,"Multidisciplinary; Materials Science (all); Pharmacology, Toxicology and Pharmaceutics (all)",https://api.elsevier.com/content/author/author_id/23110772300,"name_exact: AUTHLASTNAME(Inkaew) AND AUTHFIRST(Prachak) | mfu_affiliation: AUTHLASTNAME(Inkaew) AND AFFIL(""Mae Fah Luang University"")",
Ajarn Dr. Thinnapong Wongpakdee,Chemistry,Chemistry,Thinnapong,Wongpakdee,57191035411,yes,medium,11,surname exact; given name exact; current affiliation country Thailand,Wongpakdee,Thinnapong,T.,10,60200687,"Faculty of Science, Mahidol University",Bangkok,Thailand,[0009-0006-0321-2123],Chemistry (all); Medicine (all); Medicine (all),https://api.elsevier.com/content/author/author_id/57191035411,name_exact: AUTHLASTNAME(Wongpakdee) AND AUTHFIRST(Thinnapong),
Adjunct Prof. Dr. Kevin Hyde,Bioscience,Biology,Kevin,Hyde,7102588111,yes,high,16,surname exact; given name exact; current affiliation Mae Fah Luang University; current affiliation country Thailand,Hyde,Kevin D.,K.D.,2014,60020524,Mae Fah Luang University,Chiang Rai,Thailand,,Agricultural and Biological Sciences (all); Agricultural and Biological Sciences (all); Agricultural and Biological Sciences (all),https://api.elsevier.com/content/author/author_id/7102588111,"name_exact: AUTHLASTNAME(Hyde) AND AUTHFIRST(Kevin) | mfu_affiliation: AUTHLASTNAME(Hyde) AND AFFIL(""Mae Fah Luang University"")",
Assoc. Prof. Dr. Siam Popluechai,Bioscience,Biology,Siam,Popluechai,23477943400,yes,high,16,surname exact; given name exact; current affiliation Mae Fah Luang University; current affiliation country Thailand,Popluechai,Siam,S.,44,60020524,Mae Fah Luang University,Chiang Rai,Thailand,[0000-0002-4431-2810],Medicine (all); Immunology and Microbiology (all); Agricultural and Biological Sciences (all),https://api.elsevier.com/content/author/author_id/23477943400,"name_exact: AUTHLASTNAME(Popluechai) AND AUTHFIRST(Siam) | mfu_affiliation: AUTHLASTNAME(Popluechai) AND AFFIL(""Mae Fah Luang University"")",
Assoc. Prof. Dr. Siraprapa Mahanil,Bioscience,Biology,Siraprapa,Mahanil,23479769900,yes,high,16,surname exact; given name exact; current affiliation Mae Fah Luang University; current affiliation country Thailand,Mahanil,Siraprapa,S.,12,60020524,Mae Fah Luang University,Chiang Rai,Thailand,,"Agricultural and Biological Sciences (all); Biochemistry, Genetics and Molecular Biology (all); Biochemistry, Genetics and Molecular Biology (all)",https://api.elsevier.com/content/author/author_id/23479769900,"name_exact: AUTHLASTNAME(Mahanil) AND AUTHFIRST(Siraprapa) | mfu_affiliation: AUTHLASTNAME(Mahanil) AND AFFIL(""Mae Fah Luang University"")",
Asst. Prof. Dr. Ekachai Chukeatirote,Bioscience,Biology,Ekachai,Chukeatirote,36008083900,yes,high,16,surname exact; given name exact; current affiliation Mae Fah Luang University; current affiliation country Thailand,Chukeatirote,Ekachai,E.,179,60020524,Mae Fah Luang University,Chiang Rai,Thailand,,Agricultural and Biological Sciences (all); Agricultural and Biological Sciences (all); Environmental Science (all),https://api.elsevier.com/content/author/author_id/36008083900,"name_exact: AUTHLASTNAME(Chukeatirote) AND AUTHFIRST(Ekachai) | mfu_affiliation: AUTHLASTNAME(Chukeatirote) AND AFFIL(""Mae Fah Luang University"")",
Asst. Prof. Dr. Khanobporn Tangtrakulwanich,Bioscience,Biology,Khanobporn,Tangtrakulwanich,59671790000,yes,high,16,surname exact; given name exact; current affiliation Mae Fah Luang University; current affiliation country Thailand,Tangtrakulwanich,Khanobporn,K.,9,60020524,Mae Fah Luang University,Chiang Rai,Thailand,,Agricultural and Biological Sciences (all); Agricultural and Biological Sciences (all); Medicine (all),https://api.elsevier.com/content/author/author_id/59671790000,"name_exact: AUTHLASTNAME(Tangtrakulwanich) AND AUTHFIRST(Khanobporn) | mfu_affiliation: AUTHLASTNAME(Tangtrakulwanich) AND AFFIL(""Mae Fah Luang University"")",
Asst. Prof. Dr. Kitiphong Khongphinitbunjong,Bioscience,Biology,Kitiphong,Khongphinitbunjong,55427686300,yes,high,16,surname exact; given name exact; current affiliation Mae Fah Luang University; current affiliation country Thailand,Khongphinitbunjong,Kitiphong,K.,48,60020524,Mae Fah Luang University,Chiang Rai,Thailand,,Agricultural and Biological Sciences (all); Agricultural and Biological Sciences (all); Agricultural and Biological Sciences (all),https://api.elsevier.com/content/author/author_id/55427686300,"name_exact: AUTHLASTNAME(Khongphinitbunjong) AND AUTHFIRST(Kitiphong) | mfu_affiliation: AUTHLASTNAME(Khongphinitbunjong) AND AFFIL(""Mae Fah Luang University"")",
Asst. Prof. Dr. Nanthanit Jaruseranee,Bioscience,Biology,Nanthanit,Jaruseranee,22979446300,yes,medium,13,surname exact; first initial match; current affiliation Mae Fah Luang University; current affiliation country Thailand,Jaruseranee,Nanthnit,N.,10,60020524,Mae Fah Luang University,Chiang Rai,Thailand,,"Biochemistry, Genetics and Molecular Biology (all); Chemical Engineering (all); Multidisciplinary",https://api.elsevier.com/content/author/author_id/22979446300,"name_exact: AUTHLASTNAME(Jaruseranee) AND AUTHFIRST(Nanthanit) | mfu_affiliation: AUTHLASTNAME(Jaruseranee) AND AFFIL(""Mae Fah Luang University"")",
Asst. Prof. Dr. Natsaran Saichana,Bioscience,Biology,Natsaran,Saichana,36993194800,yes,high,16,surname exact; given name exact; current affiliation Mae Fah Luang University; current affiliation country Thailand,Saichana,Natsaran,N.,33,60020524,Mae Fah Luang University,Chiang Rai,Thailand,[0000-0002-4357-7980],"Agricultural and Biological Sciences (all); Agricultural and Biological Sciences (all); Biochemistry, Genetics and Molecular Biology (all)",https://api.elsevier.com/content/author/author_id/36993194800,"name_exact: AUTHLASTNAME(Saichana) AND AUTHFIRST(Natsaran) | mfu_affiliation: AUTHLASTNAME(Saichana) AND AFFIL(""Mae Fah Luang University"")",
Asst. Prof. Dr. Panom Winyayong,Bioscience,Biology,Panom,Winyayong,59143722900,yes,high,16,surname exact; given name exact; current affiliation Mae Fah Luang University; current affiliation country Thailand,Winyayong,Panom,P.,5,60020524,Mae Fah Luang University,Chiang Rai,Thailand,,"Biochemistry, Genetics and Molecular Biology (all); Agricultural and Biological Sciences (all); Multidisciplinary",https://api.elsevier.com/content/author/author_id/59143722900,"name_exact: AUTHLASTNAME(Winyayong) AND AUTHFIRST(Panom) | mfu_affiliation: AUTHLASTNAME(Winyayong) AND AFFIL(""Mae Fah Luang University"")",
Asst. Prof. Dr. Pattana Kakumyan,Bioscience,Biology,Pattana,Kakumyan,34869670300,yes,high,16,surname exact; given name exact; current affiliation Mae Fah Luang University; current affiliation country Thailand,Kakumyan,Pattana,P.,50,60020524,Mae Fah Luang University,Chiang Rai,Thailand,[0000-0001-8281-1082],Agricultural and Biological Sciences (all); Agricultural and Biological Sciences (all); Agricultural and Biological Sciences (all),https://api.elsevier.com/content/author/author_id/34869670300,"name_exact: AUTHLASTNAME(Kakumyan) AND AUTHFIRST(Pattana) | mfu_affiliation: AUTHLASTNAME(Kakumyan) AND AFFIL(""Mae Fah Luang University"")",
Asst. Prof. Dr. Plaipol Dedvisitsakul,Bioscience,Biology,Plaipol,Dedvisitsakul,37070405900,yes,high,16,surname exact; given name exact; current affiliation Mae Fah Luang University; current affiliation country Thailand,Dedvisitsakul,Plaipol,P.,10,60020524,Mae Fah Luang University,Chiang Rai,Thailand,,"Multidisciplinary; Biochemistry, Genetics and Molecular Biology (all); Biochemistry, Genetics and Molecular Biology (all)",https://api.elsevier.com/content/author/author_id/37070405900,"name_exact: AUTHLASTNAME(Dedvisitsakul) AND AUTHFIRST(Plaipol) | mfu_affiliation: AUTHLASTNAME(Dedvisitsakul) AND AFFIL(""Mae Fah Luang University"")",
Asst. Prof. Dr. Prapassorn Damrongkool Eungwanichayapant,Bioscience,Biology,Prapassorn,Eungwanichayapant,23477254600,yes,high,16,surname exact; given name exact; current affiliation Mae Fah Luang University; current affiliation country Thailand,Eungwanichayapant,Prapassorn Damrongkool,P.D.,51,60020524,Mae Fah Luang University,Chiang Rai,Thailand,[0000-0001-8005-4137],Agricultural and Biological Sciences (all); Agricultural and Biological Sciences (all); Agricultural and Biological Sciences (all),https://api.elsevier.com/content/author/author_id/23477254600,"name_exact: AUTHLASTNAME(Eungwanichayapant) AND AUTHFIRST(Prapassorn) | mfu_affiliation: AUTHLASTNAME(Eungwanichayapant) AND AFFIL(""Mae Fah Luang University"")",
Asst. Prof. Dr. Ruvishika Jayawardena,Bioscience,Biology,Ruvishika,Jayawardena,55985099500,yes,high,16,surname exact; given name exact; current affiliation Mae Fah Luang University; current affiliation country Thailand,Jayawardena,Ruvishika Shehali,R.S.,256,60020524,Mae Fah Luang University,Chiang Rai,Thailand,[0000-0001-7702-4885],Agricultural and Biological Sciences (all); Agricultural and Biological Sciences (all); Environmental Science (all),https://api.elsevier.com/content/author/author_id/55985099500,"name_exact: AUTHLASTNAME(Jayawardena) AND AUTHFIRST(Ruvishika) | mfu_affiliation: AUTHLASTNAME(Jayawardena) AND AFFIL(""Mae Fah Luang University"")",
Asst. Prof. Dr. Somrudee Nilthong,Bioscience,Biology,Somrudee,Nilthong,55324609600,yes,high,16,surname exact; given name exact; current affiliation Mae Fah Luang University; current affiliation country Thailand,Nilthong,Somrudee,S.,21,60020524,Mae Fah Luang University,Chiang Rai,Thailand,,Agricultural and Biological Sciences (all); Agricultural and Biological Sciences (all); Agricultural and Biological Sciences (all),https://api.elsevier.com/content/author/author_id/55324609600,"name_exact: AUTHLASTNAME(Nilthong) AND AUTHFIRST(Somrudee) | mfu_affiliation: AUTHLASTNAME(Nilthong) AND AFFIL(""Mae Fah Luang University"")",
Asst. Prof. Dr. Sunita Chamyuang,Bioscience,Biology,Sunita,Chamyuang,55749519200,yes,high,16,surname exact; given name exact; current affiliation Mae Fah Luang University; current affiliation country Thailand,Chamyuang,Sunita,S.,26,60020524,Mae Fah Luang University,Chiang Rai,Thailand,[0000-0002-3063-742X],Agricultural and Biological Sciences (all); Agricultural and Biological Sciences (all); Multidisciplinary,https://api.elsevier.com/content/author/author_id/55749519200,"name_exact: AUTHLASTNAME(Chamyuang) AND AUTHFIRST(Sunita) | mfu_affiliation: AUTHLASTNAME(Chamyuang) AND AFFIL(""Mae Fah Luang University"")",
Ajarn Dr. Amorn Owatworakit,Bioscience,Biology,Amorn,Owatworakit,24179443600,yes,high,16,surname exact; given name exact; current affiliation Mae Fah Luang University; current affiliation country Thailand,Owatworakit,Amorn,A.,21,60020524,Mae Fah Luang University,Chiang Rai,Thailand,,"Multidisciplinary; Medicine (all); Biochemistry, Genetics and Molecular Biology (all)",https://api.elsevier.com/content/author/author_id/24179443600,"name_exact: AUTHLASTNAME(Owatworakit) AND AUTHFIRST(Amorn) | mfu_affiliation: AUTHLASTNAME(Owatworakit) AND AFFIL(""Mae Fah Luang University"")",
Ajarn Dr. Chitrabhanu Sharma Bhunjun,Bioscience,Biology,Chitrabhanu,Bhunjun,57211208176,yes,high,16,surname exact; given name exact; current affiliation Mae Fah Luang University; current affiliation country Thailand,Bhunjun,Chitrabhanu S.,C.S.,89,60020524,Mae Fah Luang University,Chiang Rai,Thailand,[0000-0001-8098-3390],Agricultural and Biological Sciences (all); Agricultural and Biological Sciences (all); Environmental Science (all),https://api.elsevier.com/content/author/author_id/57211208176,"name_exact: AUTHLASTNAME(Bhunjun) AND AUTHFIRST(Chitrabhanu) | mfu_affiliation: AUTHLASTNAME(Bhunjun) AND AFFIL(""Mae Fah Luang University"")",
Ajarn Dr. Jantrararuk Tovaranonte,Bioscience,Biology,Jantrararuk,Tovaranonte,21744281700,yes,high,16,surname exact; given name exact; current affiliation Mae Fah Luang University; current affiliation country Thailand,Tovaranonte,Jantrararuk,J.,11,60020524,Mae Fah Luang University,Chiang Rai,Thailand,,Agricultural and Biological Sciences (all); Multidisciplinary; Agricultural and Biological Sciences (all),https://api.elsevier.com/content/author/author_id/21744281700,"name_exact: AUTHLASTNAME(Tovaranonte) AND AUTHFIRST(Jantrararuk) | mfu_affiliation: AUTHLASTNAME(Tovaranonte) AND AFFIL(""Mae Fah Luang University"")",
Ajarn Dr. Kittirat Saharat,Bioscience,Biology,Kittirat,Saharat,57126364900,yes,high,16,surname exact; given name exact; current affiliation Mae Fah Luang University; current affiliation country Thailand,Saharat,Kittirat,K.,14,60020524,Mae Fah Luang University,Chiang Rai,Thailand,[0000-0002-2693-3218],"Medicine (all); Biochemistry, Genetics and Molecular Biology (all); Medicine (all)",https://api.elsevier.com/content/author/author_id/57126364900,"name_exact: AUTHLASTNAME(Saharat) AND AUTHFIRST(Kittirat) | mfu_affiliation: AUTHLASTNAME(Saharat) AND AFFIL(""Mae Fah Luang University"")",
Ajarn Dr. Kritsakorn Saninjuk,Bioscience,Biology,Kritsakorn,Saninjuk,56136565700,yes,high,16,surname exact; given name exact; current affiliation Mae Fah Luang University; current affiliation country Thailand,Saninjuk,Kritsakorn,K.,20,60020524,Mae Fah Luang University,Chiang Rai,Thailand,[0000-0002-7511-2985],Medicine (all); Immunology and Microbiology (all); Medicine (all),https://api.elsevier.com/content/author/author_id/56136565700,"name_exact: AUTHLASTNAME(Saninjuk) AND AUTHFIRST(Kritsakorn) | mfu_affiliation: AUTHLASTNAME(Saninjuk) AND AFFIL(""Mae Fah Luang University"")",
Ajarn Dr. Naritsada Thongklang,Bioscience,Biology,Naritsada,Thongklang,54997948600,yes,high,16,surname exact; given name exact; current affiliation Mae Fah Luang University; current affiliation country Thailand,Thongklang,Naritsada,N.,79,60020524,Mae Fah Luang University,Chiang Rai,Thailand,[0000-0001-9337-5001],Agricultural and Biological Sciences (all); Agricultural and Biological Sciences (all); Environmental Science (all),https://api.elsevier.com/content/author/author_id/54997948600,"name_exact: AUTHLASTNAME(Thongklang) AND AUTHFIRST(Naritsada) | mfu_affiliation: AUTHLASTNAME(Thongklang) AND AFFIL(""Mae Fah Luang University"")",
Ajarn Dr. Natthawut Yodsuwan,Bioscience,Biology,Natthawut,Yodsuwan,55070695200,yes,high,16,surname exact; given name exact; current affiliation Mae Fah Luang University; current affiliation country Thailand,Yodsuwan,Natthawut,N.,9,60020524,Mae Fah Luang University,Chiang Rai,Thailand,[0000-0003-4025-2889],Engineering (all); Agricultural and Biological Sciences (all); Materials Science (all),https://api.elsevier.com/content/author/author_id/55070695200,"name_exact: AUTHLASTNAME(Yodsuwan) AND AUTHFIRST(Natthawut) | mfu_affiliation: AUTHLASTNAME(Yodsuwan) AND AFFIL(""Mae Fah Luang University"")",
Assoc. Prof. Dr. Darunee Wattanasiriwech,Material Science and Engineering,Material Science Engineering,Darunee,Wattanasiriwech,14029482100,yes,high,16,surname exact; given name exact; current affiliation Mae Fah Luang University; current affiliation country Thailand,Wattanasiriwech,Darunee,D.,53,60020524,Mae Fah Luang University,Chiang Rai,Thailand,[0000-0002-6585-9102],Materials Science (all); Materials Science (all); Engineering (all),https://api.elsevier.com/content/author/author_id/14029482100,"name_exact: AUTHLASTNAME(Wattanasiriwech) AND AUTHFIRST(Darunee) | mfu_affiliation: AUTHLASTNAME(Wattanasiriwech) AND AFFIL(""Mae Fah Luang University"")",
Assoc. Prof. Dr. Nattakan Soykeabkaew,Material Science and Engineering,Material Science Engineering,Nattakan,Soykeabkaew,23019617800,yes,high,16,surname exact; given name exact; current affiliation Mae Fah Luang University; current affiliation country Thailand,Soykeabkaew,Nattakan,N.,50,60020524,Mae Fah Luang University,Chiang Rai,Thailand,[0000-0002-7212-6134],Materials Science (all); Engineering (all); Materials Science (all),https://api.elsevier.com/content/author/author_id/23019617800,"name_exact: AUTHLASTNAME(Soykeabkaew) AND AUTHFIRST(Nattakan) | mfu_affiliation: AUTHLASTNAME(Soykeabkaew) AND AFFIL(""Mae Fah Luang University"")",
Assoc. Prof. Dr. Suthee Wattanasiriwech,Material Science and Engineering,Material Science Engineering,Suthee,Wattanasiriwech,14029506800,yes,high,16,surname exact; given name exact; current affiliation Mae Fah Luang University; current affiliation country Thailand,Wattanasiriwech,Suthee,S.,50,60020524,Mae Fah Luang University,Chiang Rai,Thailand,,Materials Science (all); Engineering (all); Materials Science (all),https://api.elsevier.com/content/author/author_id/14029506800,"name_exact: AUTHLASTNAME(Wattanasiriwech) AND AUTHFIRST(Suthee) | mfu_affiliation: AUTHLASTNAME(Wattanasiriwech) AND AFFIL(""Mae Fah Luang University"")",
Asst. Prof. Dr. Nattaya Tawichai,Material Science and Engineering,Material Science Engineering,Nattaya,Tawichai,23089411100,yes,high,16,surname exact; given name exact; current affiliation Mae Fah Luang University; current affiliation country Thailand,Tawichai,Nattaya,N.,37,60020524,Mae Fah Luang University,Chiang Rai,Thailand,,Materials Science (all); Physics and Astronomy (all); Materials Science (all),https://api.elsevier.com/content/author/author_id/23089411100,"name_exact: AUTHLASTNAME(Tawichai) AND AUTHFIRST(Nattaya) | mfu_affiliation: AUTHLASTNAME(Tawichai) AND AFFIL(""Mae Fah Luang University"")",
Asst. Prof. Dr. Nuttachat Wisittipanit,Material Science and Engineering,Material Science Engineering,Nuttachat,Wisittipanit,55062227200,yes,high,16,surname exact; given name exact; current affiliation Mae Fah Luang University; current affiliation country Thailand,Wisittipanit,Nuttachat,N.,21,60020524,Mae Fah Luang University,Chiang Rai,Thailand,,Computer Science (all); Materials Science (all); Medicine (all),https://api.elsevier.com/content/author/author_id/55062227200,"name_exact: AUTHLASTNAME(Wisittipanit) AND AUTHFIRST(Nuttachat) | mfu_affiliation: AUTHLASTNAME(Wisittipanit) AND AFFIL(""Mae Fah Luang University"")",
Asst. Prof. Dr. Prathak Jienkulsawad,Material Science and Engineering,Material Science Engineering,Prathak,Jienkulsawad,56940945600,yes,high,16,surname exact; given name exact; current affiliation Mae Fah Luang University; current affiliation country Thailand,Jienkulsawad,Prathak,P.,16,60020524,Mae Fah Luang University,Chiang Rai,Thailand,[0000-0002-9587-4725],Energy (all); Energy (all); Energy (all),https://api.elsevier.com/content/author/author_id/56940945600,"name_exact: AUTHLASTNAME(Jienkulsawad) AND AUTHFIRST(Prathak) | mfu_affiliation: AUTHLASTNAME(Jienkulsawad) AND AFFIL(""Mae Fah Luang University"")",
Asst. Prof. Dr. Sitthi Duangphet,Material Science and Engineering,Material Science Engineering,Sitthi,Duangphet,34969043900,yes,high,16,surname exact; given name exact; current affiliation Mae Fah Luang University; current affiliation country Thailand,Duangphet,Sitthi,S.,19,60020524,Mae Fah Luang University,Chiang Rai,Thailand,,Multidisciplinary; Materials Science (all); Materials Science (all),https://api.elsevier.com/content/author/author_id/34969043900,"name_exact: AUTHLASTNAME(Duangphet) AND AUTHFIRST(Sitthi) | mfu_affiliation: AUTHLASTNAME(Duangphet) AND AFFIL(""Mae Fah Luang University"")",
Asst. Prof. Dr. Somwan Chumphongphan,Material Science and Engineering,Material Science Engineering,Somwan,Chumphongphan,55015741400,yes,high,16,surname exact; given name exact; current affiliation Mae Fah Luang University; current affiliation country Thailand,Chumphongphan,Somwan,S.,11,60020524,Mae Fah Luang University,Chiang Rai,Thailand,,Physics and Astronomy (all); Energy (all); Energy (all),https://api.elsevier.com/content/author/author_id/55015741400,"name_exact: AUTHLASTNAME(Chumphongphan) AND AUTHFIRST(Somwan) | mfu_affiliation: AUTHLASTNAME(Chumphongphan) AND AFFIL(""Mae Fah Luang University"")",
Asst. Prof. Dr. Tophan Thandorn,Material Science and Engineering,Material Science Engineering,Tophan,Thandorn,35789379900,yes,medium,10,surname exact; given name exact,Thandorn,Tophan,T.,3,60001881,The University of Sheffield,Sheffield,United Kingdom,,Materials Science (all); Physics and Astronomy (all); Engineering (all),https://api.elsevier.com/content/author/author_id/35789379900,"name_exact: AUTHLASTNAME(Thandorn) AND AUTHFIRST(Tophan) | mfu_affiliation: AUTHLASTNAME(Thandorn) AND AFFIL(""Mae Fah Luang University"")",
Asst. Prof. Dr. Uraiwan Intatha,Material Science and Engineering,Material Science Engineering,Uraiwan,Intatha,8670283500,yes,high,16,surname exact; given name exact; current affiliation Mae Fah Luang University; current affiliation country Thailand,Intatha,Uraiwan,U.,105,60020524,Mae Fah Luang University,Chiang Rai,Thailand,,Materials Science (all); Physics and Astronomy (all); Materials Science (all),https://api.elsevier.com/content/author/author_id/8670283500,"name_exact: AUTHLASTNAME(Intatha) AND AUTHFIRST(Uraiwan) | mfu_affiliation: AUTHLASTNAME(Intatha) AND AFFIL(""Mae Fah Luang University"")",
Assoc. Prof. Dr. Piyanuch Siriwat,Computational Science,CIX,Piyanuch,Siriwat,24342507200,yes,high,16,surname exact; given name exact; current affiliation Mae Fah Luang University; current affiliation country Thailand,Siriwat,Piyanuch,P.,22,60020524,Mae Fah Luang University,Chiang Rai,Thailand,[0009-0003-4508-8691],Mathematics (all); Engineering (all); Engineering (all),https://api.elsevier.com/content/author/author_id/24342507200,"name_exact: AUTHLASTNAME(Siriwat) AND AUTHFIRST(Piyanuch) | mfu_affiliation: AUTHLASTNAME(Siriwat) AND AFFIL(""Mae Fah Luang University"")",
Asst. Prof. Dr. Anant Eungwanichayapant,Computational Science,CIX,Anant,Eungwanichayapant,23477254600,yes,medium,11,surname exact; current affiliation Mae Fah Luang University; current affiliation country Thailand,Eungwanichayapant,Prapassorn Damrongkool,P.D.,51,60020524,Mae Fah Luang University,Chiang Rai,Thailand,[0000-0001-8005-4137],Agricultural and Biological Sciences (all); Agricultural and Biological Sciences (all); Agricultural and Biological Sciences (all),https://api.elsevier.com/content/author/author_id/23477254600,"mfu_affiliation: AUTHLASTNAME(Eungwanichayapant) AND AFFIL(""Mae Fah Luang University"")",
Asst. Prof. Dr. Rungrote Nilthong,Computational Science,CIX,Rungrote,Nilthong,57039024400,yes,high,16,surname exact; given name exact; current affiliation Mae Fah Luang University; current affiliation country Thailand,Nilthong,Rungrote,R.,7,60020524,Mae Fah Luang University,Chiang Rai,Thailand,,Agricultural and Biological Sciences (all); Agricultural and Biological Sciences (all); Agricultural and Biological Sciences (all),https://api.elsevier.com/content/author/author_id/57039024400,"name_exact: AUTHLASTNAME(Nilthong) AND AUTHFIRST(Rungrote) | mfu_affiliation: AUTHLASTNAME(Nilthong) AND AFFIL(""Mae Fah Luang University"")",
Asst. Prof. Dr. Theeradech Mookum,Computational Science,CIX,Theeradech,Mookum,36661134300,yes,high,16,surname exact; given name exact; current affiliation Mae Fah Luang University; current affiliation country Thailand,Mookum,Theeradech,T.,8,60020524,Mae Fah Luang University,Chiang Rai,Thailand,,Mathematics (all); Computer Science (all); Mathematics (all),https://api.elsevier.com/content/author/author_id/36661134300,"name_exact: AUTHLASTNAME(Mookum) AND AUTHFIRST(Theeradech) | mfu_affiliation: AUTHLASTNAME(Mookum) AND AFFIL(""Mae Fah Luang University"")",
